Index;annee;sexe;est_rouge;usage_vehicule;type_vehicule;age_vehicule;formule;Âge;enfant_conduite_accompagné ?;Enfants ?;Catégorie de revenu;Tarif non détaillé
0;2022;F;Non;Commercial;Sports Car;7;dev_integral;25;Non;Oui;>100K;300 - 350
1;2022;F;Non;Private;Minivan;1;dev_express;93;Oui;Oui;40-60K;250 - 300
2;2022;F;Non;Private;Pickup;4;dev_express;46;Non;Oui;20-40K;250 - 300
3;2022;F;Non;Private;z_SUV;5;dev_integral;4;Non;Non;O-20K;300 - 350
4;2022;M;Non;Commercial;Panel Truck;12;dev_vip;68;Non;Non;;400 et plus
5;2022;F;Non;Private;z_SUV;15;dev_premium;33;Non;Oui;60-80K;400 et plus
6;2022;F;Non;Commercial;Minivan;9;dev_express;84;Oui;Oui;>100K;250 - 300
7;2022;M;Non;Private;z_SUV;10;dev_premium;69;Non;Non;40-60K;300 - 350
8;2022;M;Non;Private;Minivan;14;dev_premium;69;Non;Non;>100K;350 - 400
9;2022;F;Oui;Commercial;Panel Truck;10;dev_integral;51;Non;Non;;300 - 350
10;2022;F;Non;Private;Minivan;10;dev_express;58;Oui;Oui;20-40K;250 - 300
11;2022;M;Non;Private;z_SUV;1;dev_premium;8;Non;Oui;20-40K;350 - 400
12;2022;F;Non;Private;z_SUV;18;dev_express;74;Non;Non;60-80K;250 - 300
13;2022;M;Non;Commercial;Van;6;dev_integral;7;Non;Non;O-20K;300 - 350
14;2022;M;Non;Private;Minivan;1;dev_integral;79;Non;Oui;20-40K;300 - 350
15;2022;M;Non;Private;Minivan;13;dev_express;87;Non;Non;40-60K;250 - 300
16;2022;F;Non;Private;z_SUV;15;dev_integral;52;Non;Non;>100K;300 - 350
17;2022;F;Oui;Commercial;Van;8;dev_express;89;Non;Non;40-60K;250 - 300
18;2022;F;Oui;Private;Minivan;11;dev_express;70;Non;Non;60-80K;250 - 300
19;2022;F;Non;Private;z_SUV;10;dev_integral;85;Non;Non;40-60K;250 - 300
20;2022;M;Non;Private;Minivan;16;dev_express;36;Non;Oui;60-80K;250 - 300
21;2022;M;Non;Private;Minivan;;dev_premium;93;Oui;Oui;20-40K;350 - 400
22;2022;F;Oui;Commercial;Van;7;dev_premium;25;Non;Non;;350 - 400
23;2022;F;Non;Commercial;Sports Car;1;dev_premium;84;Non;Oui;40-60K;400 et plus
24;2022;M;Non;Commercial;Pickup;1;dev_express;20;Non;Non;20-40K;250 - 300
25;2022;M;Oui;Private;Minivan;;dev_express;67;Non;Non;;250 - 300
26;2022;F;Non;Private;Sports Car;1;dev_integral;26;Non;Non;40-60K;250 - 300
27;2022;F;Non;Private;z_SUV;;dev_integral;46;Non;Non;60-80K;250 - 300
28;2022;F;Non;Private;z_SUV;1;dev_vip;56;Non;Non;40-60K;400 et plus
29;2022;F;Non;Private;z_SUV;17;dev_premium;18;Non;Non;>100K;350 - 400
30;2022;F;Non;Private;z_SUV;1;dev_express;50;Non;Oui;20-40K;250 - 300
31;2022;M;Oui;Commercial;Minivan;5;dev_integral;40;Non;Oui;20-40K;300 - 350
32;2022;F;Non;Private;z_SUV;9;dev_express;67;Non;Non;>100K;250 - 300
33;2022;M;Non;Private;z_SUV;6;dev_premium;7;Non;Non;20-40K;400 et plus
34;2022;M;Non;Private;Sports Car;12;dev_express;47;Oui;Oui;60-80K;250 - 300
35;2022;F;Non;Private;z_SUV;9;dev_integral;70;Non;Non;20-40K;300 - 350
36;2022;F;Non;Commercial;Sports Car;15;dev_express;63;Non;Non;20-40K;250 - 300
37;2022;F;Non;Private;z_SUV;14;dev_integral;9;Non;Oui;80-100K;250 - 300
38;2022;F;Non;Private;Minivan;15;dev_integral;58;Non;Non;>100K;250 - 300
39;2022;M;Non;Private;z_SUV;11;dev_premium;36;Non;Non;40-60K;400 et plus
40;2022;F;Non;Private;Sports Car;10;dev_express;21;Oui;Oui;;250 - 300
41;2022;F;Non;Private;z_SUV;8;dev_express;88;Non;Oui;O-20K;250 - 300
42;2022;M;Oui;Commercial;Pickup;10;dev_express;61;Non;Oui;O-20K;250 - 300
43;2022;F;Oui;Private;Pickup;;dev_premium;60;Oui;Oui;40-60K;400 et plus
44;2022;M;Non;Private;z_SUV;13;dev_integral;54;Non;Non;60-80K;300 - 350
45;2022;F;Non;Private;z_SUV;15;dev_express;68;Non;Non;80-100K;250 - 300
46;2022;M;Non;Private;z_SUV;1;dev_express;79;Non;Oui;O-20K;250 - 300
47;2022;F;Oui;Commercial;Panel Truck;13;dev_integral;43;Non;Non;>100K;300 - 350
48;2022;M;Oui;Commercial;Van;7;dev_integral;79;Non;Non;80-100K;250 - 300
49;2022;F;Oui;Private;Van;1;dev_integral;41;Oui;Oui;40-60K;250 - 300
50;2022;F;Oui;Commercial;Pickup;1;dev_integral;27;Non;Non;20-40K;300 - 350
51;2022;F;Non;Private;Minivan;5;dev_express;51;Non;Oui;40-60K;250 - 300
52;2022;M;Non;Private;Minivan;7;dev_express;21;Non;Non;>100K;250 - 300
53;2022;F;Non;Private;Sports Car;19;dev_express;49;Non;Non;40-60K;250 - 300
54;2022;F;Non;Commercial;Minivan;8;dev_express;8;Non;Non;60-80K;250 - 300
55;2022;M;Non;Private;Van;13;dev_premium;51;Non;Non;60-80K;350 - 400
56;2022;F;Oui;Commercial;Van;9;dev_integral;58;Non;Oui;40-60K;250 - 300
57;2022;M;Non;Private;z_SUV;12;dev_express;35;Non;Non;60-80K;250 - 300
58;2022;F;Oui;Private;Van;1;dev_express;74;Oui;Oui;20-40K;250 - 300
59;2022;F;Non;Private;Sports Car;7;dev_express;32;Oui;Oui;20-40K;250 - 300
60;2022;F;Non;Private;Minivan;16;dev_integral;74;Non;Non;80-100K;250 - 300
61;2022;F;Non;Private;Pickup;8;dev_express;56;Non;Non;40-60K;250 - 300
62;2022;F;Non;Commercial;Van;5;dev_integral;72;Non;Oui;60-80K;250 - 300
63;2022;F;Non;Private;Sports Car;1;dev_express;82;Non;Oui;20-40K;250 - 300
64;2022;F;Non;Private;z_SUV;6;dev_integral;6;Non;Non;O-20K;250 - 300
65;2022;M;Non;Private;z_SUV;1;dev_express;52;Non;Non;60-80K;250 - 300
66;2022;M;Non;Private;Pickup;7;dev_express;71;Non;Non;80-100K;250 - 300
67;2022;M;Non;Private;Minivan;5;dev_express;53;Non;Non;O-20K;250 - 300
68;2022;M;Oui;Private;z_SUV;13;dev_express;74;Non;Oui;20-40K;250 - 300
69;2022;F;Non;Commercial;Pickup;3;dev_integral;26;Non;Non;80-100K;300 - 350
70;2022;F;Non;Private;z_SUV;9;dev_integral;5;Non;Non;60-80K;300 - 350
71;2022;M;Non;Private;z_SUV;12;dev_express;36;Non;Non;>100K;250 - 300
72;2022;M;Oui;Private;Minivan;9;dev_integral;11;Non;Non;80-100K;250 - 300
73;2022;F;Non;Private;Minivan;9;dev_premium;82;Non;Oui;60-80K;400 et plus
74;2022;M;Non;Private;Pickup;8;dev_express;80;Non;Non;40-60K;250 - 300
75;2022;F;Non;Private;z_SUV;18;dev_integral;31;Non;Non;>100K;300 - 350
76;2022;F;Non;Commercial;Minivan;1;dev_express;74;Non;Non;60-80K;250 - 300
77;2022;M;Non;Commercial;Panel Truck;11;dev_premium;53;Non;Non;40-60K;350 - 400
78;2022;F;Non;Private;Minivan;6;dev_express;54;Non;Non;40-60K;250 - 300
79;2022;M;Oui;Private;Minivan;1;dev_premium;62;Non;Non;>100K;350 - 400
80;2022;M;Non;Private;Sports Car;3;dev_express;85;Non;Non;O-20K;250 - 300
81;2022;M;Oui;Commercial;Van;8;dev_express;65;Non;Non;>100K;250 - 300
82;2022;F;Non;Commercial;z_SUV;4;dev_express;65;Non;Oui;20-40K;250 - 300
83;2022;M;Non;Private;Sports Car;;dev_express;65;Non;Non;O-20K;250 - 300
84;2022;M;Oui;Commercial;Pickup;8;dev_express;63;Non;Non;40-60K;250 - 300
85;2022;M;Oui;Private;Minivan;9;dev_express;43;Non;Non;40-60K;250 - 300
86;2022;M;Non;Private;Minivan;17;dev_premium;55;Non;Non;;400 et plus
87;2022;F;Non;Private;z_SUV;1;dev_express;24;Oui;Oui;20-40K;250 - 300
88;2022;M;Non;Private;Minivan;13;dev_premium;51;Non;Non;40-60K;400 et plus
89;2022;M;Non;Private;Sports Car;2;dev_integral;59;Non;Oui;40-60K;250 - 300
90;2022;M;Non;Commercial;Minivan;1;dev_express;81;Non;Non;40-60K;250 - 300
91;2022;F;Non;Private;Minivan;1;dev_premium;12;Non;Oui;20-40K;350 - 400
92;2022;F;Non;Private;Sports Car;1;dev_premium;6;Non;Non;80-100K;400 et plus
93;2022;M;Oui;Private;Van;1;dev_express;63;Non;Non;40-60K;250 - 300
94;2022;F;Non;Private;Pickup;11;dev_integral;71;Non;Non;60-80K;250 - 300
95;2022;F;Oui;Commercial;Pickup;5;dev_integral;53;Non;Non;20-40K;300 - 350
96;2022;M;Non;Private;Minivan;1;dev_express;63;Non;Non;20-40K;250 - 300
97;2022;F;Oui;Private;Minivan;6;dev_integral;37;Oui;Oui;40-60K;250 - 300
98;2022;M;Oui;Private;Van;8;dev_integral;44;Non;Oui;60-80K;300 - 350
99;2022;M;Non;Commercial;z_SUV;1;dev_integral;20;Non;Non;60-80K;300 - 350
100;2022;M;Non;Commercial;Pickup;12;dev_integral;68;Non;Oui;O-20K;300 - 350
101;2022;F;Non;Private;Minivan;1;dev_integral;25;Non;Oui;40-60K;300 - 350
102;2022;M;Non;Private;Minivan;11;dev_integral;54;Non;Non;>100K;300 - 350
103;2022;M;Oui;Commercial;Panel Truck;17;dev_express;12;Non;Non;>100K;250 - 300
104;2022;M;Oui;Private;Minivan;12;dev_premium;62;Non;Non;60-80K;400 et plus
105;2022;M;Oui;Commercial;Panel Truck;14;dev_integral;25;Non;Oui;;250 - 300
106;2022;F;Non;Private;Minivan;5;dev_integral;73;Oui;Oui;O-20K;300 - 350
107;2022;M;Oui;Commercial;Minivan;12;dev_integral;42;Non;Oui;60-80K;300 - 350
108;2022;F;Oui;Private;Minivan;11;dev_express;59;Non;Oui;>100K;250 - 300
109;2022;M;Non;Private;z_SUV;9;dev_premium;93;Non;Non;O-20K;350 - 400
110;2022;M;Non;Commercial;z_SUV;9;dev_integral;55;Non;Non;60-80K;250 - 300
111;2022;M;Non;Commercial;Minivan;12;dev_express;56;Oui;Oui;>100K;250 - 300
112;2022;M;Non;Private;z_SUV;8;dev_express;70;Non;Oui;O-20K;250 - 300
113;2022;F;Non;Commercial;Minivan;6;dev_express;66;Non;Oui;40-60K;250 - 300
114;2022;F;Non;Private;z_SUV;14;dev_premium;58;Non;Non;80-100K;300 - 350
115;2022;F;Non;Private;Minivan;1;dev_premium;53;Oui;Oui;20-40K;400 et plus
116;2022;F;Non;Private;Sports Car;11;dev_express;80;Oui;Oui;40-60K;250 - 300
117;2022;F;Non;Private;Pickup;7;dev_integral;63;Oui;Oui;O-20K;300 - 350
118;2022;M;Non;Commercial;Sports Car;1;dev_integral;10;Oui;Oui;40-60K;300 - 350
119;2022;M;Non;Private;Minivan;15;dev_integral;5;Non;Non;60-80K;300 - 350
120;2022;M;Non;Private;z_SUV;13;dev_integral;72;Non;Non;O-20K;300 - 350
121;2022;M;Oui;Private;Minivan;11;dev_express;59;Non;Oui;80-100K;250 - 300
122;2022;M;Non;Private;z_SUV;12;dev_integral;72;Non;Non;>100K;300 - 350
123;2022;F;Oui;Private;Pickup;11;dev_integral;50;Non;Non;60-80K;300 - 350
124;2022;F;Non;Private;Van;9;dev_integral;31;Non;Oui;20-40K;300 - 350
125;2022;M;Non;Private;Minivan;8;dev_integral;35;Non;Non;80-100K;250 - 300
126;2022;M;Non;Private;Minivan;1;dev_integral;70;Non;Non;>100K;250 - 300
127;2022;M;Oui;Commercial;Minivan;1;dev_express;18;Non;Non;O-20K;250 - 300
128;2022;M;Non;Commercial;Sports Car;;dev_premium;23;Non;Non;40-60K;400 et plus
129;2022;M;Non;Private;Minivan;13;dev_express;60;Non;Non;>100K;250 - 300
130;2022;F;Non;Private;Sports Car;13;dev_express;71;Non;Oui;O-20K;250 - 300
131;2022;F;Non;Private;Minivan;9;dev_vip;73;Non;Oui;20-40K;400 et plus
132;2022;M;Non;Private;z_SUV;1;dev_express;10;Non;Oui;O-20K;250 - 300
133;2022;M;Oui;Private;Minivan;5;dev_express;57;Non;Non;20-40K;250 - 300
134;2022;F;Non;Private;z_SUV;9;dev_integral;6;Oui;Oui;40-60K;250 - 300
135;2022;F;Non;Private;Minivan;16;dev_integral;93;Non;Oui;80-100K;300 - 350
136;2022;M;Oui;Commercial;Van;15;dev_integral;14;Non;Non;40-60K;300 - 350
137;2022;M;Non;Commercial;Van;9;dev_express;37;Oui;Oui;>100K;250 - 300
138;2022;M;Non;Commercial;z_SUV;1;dev_express;53;Non;Oui;40-60K;250 - 300
139;2022;F;Non;Private;Sports Car;7;dev_premium;48;Non;Oui;;400 et plus
140;2022;M;Non;Commercial;Sports Car;9;dev_integral;53;Non;Non;80-100K;300 - 350
141;2022;F;Non;Private;Minivan;9;dev_integral;53;Non;Non;>100K;250 - 300
142;2022;F;Oui;Private;Pickup;12;dev_integral;8;Non;Oui;>100K;300 - 350
143;2022;M;Non;Private;z_SUV;15;dev_premium;83;Non;Non;40-60K;400 et plus
144;2022;M;Non;Commercial;z_SUV;;dev_express;89;Non;Oui;O-20K;250 - 300
145;2022;M;Non;Private;z_SUV;11;dev_express;52;Non;Non;20-40K;250 - 300
146;2022;M;Non;Private;z_SUV;7;dev_integral;63;Non;Non;80-100K;300 - 350
147;2022;M;Non;Private;z_SUV;10;dev_integral;42;Oui;Oui;20-40K;250 - 300
148;2022;F;Non;Private;z_SUV;19;dev_integral;74;Non;Non;80-100K;250 - 300
149;2022;F;Non;Private;Minivan;15;dev_express;77;Non;Non;80-100K;250 - 300
150;2022;M;Non;Private;Minivan;10;dev_integral;79;Non;Non;40-60K;300 - 350
151;2022;F;Non;Private;z_SUV;5;dev_express;65;Non;Non;60-80K;250 - 300
152;2022;F;Oui;Private;Minivan;1;dev_express;62;Non;Oui;;250 - 300
153;2022;M;Non;Private;Minivan;4;dev_express;33;Non;Non;20-40K;250 - 300
154;2022;F;Oui;Commercial;Pickup;9;dev_integral;76;Non;Oui;20-40K;250 - 300
155;2022;M;Oui;Commercial;Van;12;dev_integral;83;Oui;Oui;>100K;300 - 350
156;2022;F;Non;Private;Sports Car;4;dev_express;69;Non;Oui;O-20K;250 - 300
157;2022;M;Non;Private;Pickup;15;dev_integral;74;Non;Non;60-80K;300 - 350
158;2022;M;Oui;Commercial;Minivan;9;dev_integral;85;Non;Non;>100K;300 - 350
159;2022;M;Non;Commercial;z_SUV;1;dev_integral;66;Non;Non;80-100K;250 - 300
160;2022;M;Non;Private;Sports Car;8;dev_integral;70;Oui;Oui;80-100K;250 - 300
161;2022;M;Non;Private;z_SUV;12;dev_premium;33;Non;Non;>100K;400 et plus
162;2022;F;Non;Private;Minivan;12;dev_integral;50;Oui;Oui;>100K;300 - 350
163;2022;F;Non;Private;Minivan;14;dev_integral;72;Non;Oui;40-60K;300 - 350
164;2022;F;Non;Private;Sports Car;8;dev_express;56;Non;Non;O-20K;250 - 300
165;2022;F;Non;Private;Minivan;1;dev_express;52;Oui;Oui;O-20K;250 - 300
166;2022;F;Non;Private;Sports Car;17;dev_integral;93;Non;Oui;60-80K;250 - 300
167;2022;F;Oui;Commercial;Pickup;4;dev_integral;25;Non;Oui;40-60K;250 - 300
168;2022;F;Non;Commercial;Panel Truck;;dev_integral;57;Non;Non;>100K;250 - 300
169;2022;F;Non;Commercial;z_SUV;11;dev_integral;74;Non;Non;20-40K;300 - 350
170;2022;M;Oui;Private;Pickup;11;dev_express;40;Non;Oui;60-80K;250 - 300
171;2022;F;Non;Commercial;Minivan;1;dev_integral;30;Non;Non;O-20K;300 - 350
172;2022;M;Non;Commercial;Minivan;11;dev_integral;57;Non;Non;80-100K;300 - 350
173;2022;F;Oui;Private;Minivan;20;dev_integral;52;Non;Oui;60-80K;300 - 350
174;2022;M;Non;Private;z_SUV;1;dev_express;54;Non;Non;O-20K;250 - 300
175;2022;M;Non;Commercial;Pickup;;dev_integral;77;Non;Non;>100K;250 - 300
176;2022;F;Non;Commercial;Van;12;dev_express;60;Non;Non;O-20K;250 - 300
177;2022;M;Non;Private;Sports Car;16;dev_express;32;Non;Non;;250 - 300
178;2022;M;Non;Private;z_SUV;1;dev_integral;65;Non;Oui;O-20K;250 - 300
179;2022;F;Oui;Commercial;Van;6;dev_premium;57;Non;Oui;40-60K;400 et plus
180;2022;F;Non;Commercial;Pickup;;dev_express;83;Non;Non;60-80K;250 - 300
181;2022;F;Non;Commercial;Van;6;dev_express;26;Oui;Oui;20-40K;250 - 300
182;2022;M;Oui;Commercial;Panel Truck;13;dev_integral;55;Non;Non;>100K;300 - 350
183;2022;F;Oui;Private;Van;10;dev_premium;86;Non;Non;>100K;300 - 350
184;2022;F;Oui;Private;Pickup;1;dev_express;69;Non;Non;O-20K;250 - 300
185;2022;M;Non;Commercial;z_SUV;5;dev_premium;25;Oui;Oui;40-60K;400 et plus
186;2022;F;Non;Private;z_SUV;1;dev_integral;67;Non;Non;20-40K;300 - 350
187;2022;F;Non;Private;z_SUV;9;dev_integral;21;Non;Oui;O-20K;300 - 350
188;2022;F;Non;Private;z_SUV;1;dev_premium;72;Non;Non;O-20K;400 et plus
189;2022;F;Non;Private;Minivan;11;dev_vip;13;Non;Non;80-100K;400 et plus
190;2022;M;Oui;Commercial;Van;;dev_express;49;Non;Non;60-80K;250 - 300
191;2022;M;Non;Private;Sports Car;1;dev_premium;7;Non;Non;20-40K;400 et plus
192;2022;F;Non;Private;Sports Car;7;dev_integral;69;Non;Non;>100K;300 - 350
193;2022;F;Non;Commercial;Panel Truck;1;dev_premium;30;Non;Non;40-60K;400 et plus
194;2022;F;Non;Private;z_SUV;15;dev_integral;52;Non;Non;>100K;300 - 350
195;2022;F;Non;Private;Sports Car;7;dev_premium;67;Non;Oui;40-60K;350 - 400
196;2022;F;Non;Private;Minivan;17;dev_express;56;Non;Oui;40-60K;250 - 300
197;2022;M;Non;Commercial;Panel Truck;13;dev_express;86;Non;Non;>100K;250 - 300
198;2022;F;Non;Private;z_SUV;4;dev_integral;51;Non;Oui;20-40K;300 - 350
199;2022;F;Non;Commercial;Minivan;;dev_express;67;Non;Non;20-40K;250 - 300
200;2022;M;Oui;Private;Sports Car;8;dev_express;16;Non;Non;40-60K;250 - 300
201;2022;M;Oui;Commercial;Pickup;7;dev_integral;74;Non;Non;60-80K;300 - 350
202;2022;M;Oui;Commercial;Minivan;1;dev_premium;65;Oui;Oui;40-60K;400 et plus
203;2022;F;Non;Commercial;z_SUV;14;dev_premium;78;Non;Non;40-60K;400 et plus
204;2022;M;Non;Private;Sports Car;7;dev_express;84;Non;Oui;20-40K;250 - 300
205;2022;M;Oui;Commercial;Minivan;1;dev_express;53;Non;Non;40-60K;250 - 300
206;2022;M;Oui;Commercial;Minivan;;dev_integral;84;Non;Non;60-80K;300 - 350
207;2022;M;Non;Private;Minivan;12;dev_express;60;Non;Non;20-40K;250 - 300
208;2022;M;Oui;Commercial;Panel Truck;8;dev_premium;63;Oui;Oui;20-40K;400 et plus
209;2022;F;Non;Private;z_SUV;5;dev_integral;54;Non;Oui;20-40K;300 - 350
210;2022;F;Non;Private;Minivan;8;dev_integral;20;Oui;Oui;40-60K;250 - 300
211;2022;F;Oui;Commercial;Panel Truck;16;dev_express;50;Non;Non;>100K;250 - 300
212;2022;F;Oui;Private;z_SUV;;dev_integral;65;Non;Non;40-60K;250 - 300
213;2022;F;Non;Commercial;Van;5;dev_express;52;Non;Non;40-60K;250 - 300
214;2022;M;Non;Commercial;Van;;dev_integral;58;Non;Oui;40-60K;250 - 300
215;2022;M;Non;Private;z_SUV;13;dev_premium;66;Non;Non;>100K;400 et plus
216;2022;F;Oui;Private;Pickup;6;dev_express;54;Non;Oui;20-40K;250 - 300
217;2022;F;Non;Private;z_SUV;19;dev_premium;8;Non;Non;60-80K;400 et plus
218;2022;M;Non;Private;Sports Car;1;dev_premium;65;Non;Non;20-40K;400 et plus
219;2022;M;Non;Private;Minivan;1;dev_integral;71;Oui;Oui;20-40K;300 - 350
220;2022;M;Non;Private;Sports Car;16;dev_integral;74;Non;Oui;>100K;300 - 350
221;2022;M;Non;Commercial;Pickup;18;dev_integral;70;Oui;Oui;;300 - 350
222;2022;F;Non;Private;z_SUV;3;dev_premium;31;Non;Non;60-80K;400 et plus
223;2022;F;Non;Commercial;z_SUV;5;dev_integral;5;Non;Oui;>100K;300 - 350
224;2022;F;Non;Commercial;Minivan;1;dev_integral;84;Non;Non;20-40K;300 - 350
225;2022;M;Non;Private;Minivan;10;dev_express;56;Non;Non;>100K;250 - 300
226;2022;F;Non;Private;z_SUV;9;dev_integral;67;Non;Non;20-40K;300 - 350
227;2022;M;Non;Private;z_SUV;3;dev_premium;27;Non;Oui;20-40K;400 et plus
228;2022;F;Oui;Private;Minivan;1;dev_premium;70;Non;Non;O-20K;300 - 350
229;2022;F;Oui;Private;Pickup;1;dev_express;84;Non;Non;20-40K;250 - 300
230;2022;F;Non;Private;z_SUV;;dev_express;27;Non;Non;40-60K;250 - 300
231;2022;M;Oui;Private;Minivan;7;dev_express;5;Oui;Oui;60-80K;250 - 300
232;2022;F;Oui;Private;Minivan;;dev_express;32;Non;Non;60-80K;250 - 300
233;2022;F;Non;Commercial;z_SUV;10;dev_express;44;Non;Non;60-80K;250 - 300
234;2022;F;Non;Private;z_SUV;7;dev_integral;68;Non;Oui;O-20K;300 - 350
235;2022;M;Non;Private;Pickup;16;dev_integral;69;Non;Non;40-60K;250 - 300
236;2022;F;Non;Commercial;Panel Truck;15;dev_premium;38;Non;Non;>100K;400 et plus
237;2022;F;Non;Private;z_SUV;15;dev_integral;68;Non;Non;>100K;250 - 300
238;2022;M;Non;Private;z_SUV;1;dev_integral;74;Non;Oui;20-40K;250 - 300
239;2022;F;Oui;Private;Minivan;10;dev_integral;71;Non;Non;80-100K;300 - 350
240;2022;F;Non;Private;Minivan;15;dev_express;43;Non;Non;60-80K;250 - 300
241;2022;M;Non;Commercial;z_SUV;7;dev_express;65;Non;Non;80-100K;250 - 300
242;2022;F;Oui;Commercial;Pickup;11;dev_express;85;Non;Non;O-20K;250 - 300
243;2022;F;Non;Private;Sports Car;12;dev_express;80;Oui;Oui;60-80K;250 - 300
244;2022;M;Non;Private;z_SUV;5;dev_integral;12;Non;Oui;40-60K;250 - 300
245;2022;F;Oui;Private;Van;12;dev_integral;87;Non;Non;;250 - 300
246;2022;M;Non;Commercial;Pickup;7;dev_premium;34;Oui;Oui;60-80K;400 et plus
247;2022;M;Oui;Commercial;Van;1;dev_integral;9;Non;Oui;O-20K;300 - 350
248;2022;M;Oui;Private;Pickup;10;dev_integral;37;Non;Non;20-40K;300 - 350
249;2022;F;Non;Private;Minivan;15;dev_integral;31;Non;Non;80-100K;250 - 300
250;2022;M;Non;Private;z_SUV;20;dev_integral;18;Non;Non;>100K;300 - 350
251;2022;F;Non;Commercial;z_SUV;12;dev_express;37;Non;Non;40-60K;250 - 300
252;2022;M;Non;Commercial;Minivan;6;dev_premium;56;Non;Non;40-60K;400 et plus
253;2022;F;Oui;Private;Van;18;dev_express;59;Non;Non;>100K;250 - 300
254;2022;M;Non;Private;Minivan;8;dev_integral;9;Non;Non;20-40K;300 - 350
255;2022;M;Oui;Commercial;Van;;dev_premium;62;Non;Oui;80-100K;400 et plus
256;2022;M;Non;Private;Minivan;16;dev_integral;59;Non;Oui;;300 - 350
257;2022;F;Non;Private;Minivan;5;dev_express;23;Oui;Oui;20-40K;250 - 300
258;2022;F;Oui;Private;Minivan;1;dev_premium;87;Non;Non;O-20K;400 et plus
259;2022;F;Non;Commercial;Panel Truck;10;dev_express;70;Non;Non;40-60K;250 - 300
260;2022;F;Non;Commercial;Panel Truck;8;dev_integral;10;Non;Non;60-80K;300 - 350
261;2022;F;Oui;Commercial;Van;9;dev_express;81;Non;Oui;80-100K;250 - 300
262;2022;M;Non;Commercial;Pickup;17;dev_integral;10;Non;Non;>100K;250 - 300
263;2022;M;Non;Commercial;Van;10;dev_express;14;Non;Non;80-100K;250 - 300
264;2022;M;Non;Private;z_SUV;;dev_integral;78;Non;Non;O-20K;300 - 350
265;2022;M;Non;Private;z_SUV;7;dev_integral;58;Non;Non;60-80K;300 - 350
266;2022;M;Non;Private;z_SUV;1;dev_premium;52;Non;Non;80-100K;300 - 350
267;2022;M;Non;Commercial;Panel Truck;11;dev_express;16;Non;Non;>100K;250 - 300
268;2022;F;Non;Private;z_SUV;12;dev_integral;72;Non;Non;60-80K;300 - 350
269;2022;F;Non;Private;Minivan;13;dev_premium;60;Non;Non;>100K;300 - 350
270;2022;F;Non;Commercial;Sports Car;12;dev_integral;37;Non;Non;40-60K;300 - 350
271;2022;M;Non;Commercial;Pickup;13;dev_express;69;Non;Non;>100K;250 - 300
272;2022;F;Non;Commercial;Van;8;dev_integral;43;Non;Non;80-100K;300 - 350
273;2022;M;Non;Private;Van;1;dev_express;24;Non;Non;60-80K;250 - 300
274;2022;M;Non;Private;z_SUV;1;dev_express;50;Non;Oui;40-60K;250 - 300
275;2022;F;Non;Commercial;Panel Truck;10;dev_express;86;Non;Non;80-100K;250 - 300
276;2022;M;Non;Commercial;Pickup;8;dev_integral;36;Oui;Oui;80-100K;300 - 350
277;2022;M;Oui;Commercial;Pickup;1;dev_express;59;Non;Non;20-40K;250 - 300
278;2022;M;Non;Commercial;Panel Truck;20;dev_integral;24;Non;Non;>100K;300 - 350
279;2022;M;Non;Private;z_SUV;2;dev_integral;73;Non;Non;O-20K;250 - 300
280;2022;M;Oui;Private;Minivan;12;dev_integral;59;Non;Non;60-80K;300 - 350
281;2022;M;Non;Private;Sports Car;11;dev_premium;6;Non;Non;O-20K;400 et plus
282;2022;F;Non;Private;Sports Car;12;dev_integral;6;Non;Non;60-80K;300 - 350
283;2022;F;Oui;Private;Minivan;11;dev_integral;46;Non;Non;20-40K;300 - 350
284;2022;F;Non;Private;z_SUV;1;dev_integral;87;Non;Non;60-80K;300 - 350
285;2022;F;Oui;Private;Pickup;1;dev_integral;19;Non;Non;20-40K;300 - 350
286;2022;F;Oui;Commercial;Pickup;10;dev_integral;41;Non;Non;20-40K;300 - 350
287;2022;M;Non;Private;Minivan;7;dev_integral;73;Non;Non;;300 - 350
288;2022;F;Oui;Commercial;Panel Truck;17;dev_express;77;Non;Non;>100K;250 - 300
289;2022;M;Non;Private;Pickup;14;dev_premium;60;Non;Oui;60-80K;400 et plus
290;2022;M;Non;Private;Pickup;9;dev_express;58;Non;Non;40-60K;250 - 300
291;2022;M;Non;Private;Pickup;8;dev_integral;19;Non;Non;40-60K;300 - 350
292;2022;M;Non;Private;Minivan;;dev_integral;4;Non;Non;20-40K;300 - 350
293;2022;M;Oui;Commercial;Van;4;dev_integral;8;Non;Non;60-80K;300 - 350
294;2022;F;Non;Private;z_SUV;1;dev_express;23;Non;Oui;20-40K;250 - 300
295;2022;F;Non;Private;z_SUV;11;dev_integral;47;Non;Oui;80-100K;300 - 350
296;2022;F;Non;Private;z_SUV;;dev_premium;14;Non;Non;40-60K;400 et plus
297;2022;F;Oui;Private;Minivan;11;dev_express;90;Oui;Oui;>100K;250 - 300
298;2022;F;Oui;Private;Pickup;10;dev_integral;69;Non;Non;60-80K;250 - 300
299;2022;F;Non;Commercial;Panel Truck;21;dev_express;21;Non;Oui;40-60K;250 - 300
300;2022;M;Non;Commercial;Sports Car;1;dev_integral;46;Non;Non;20-40K;250 - 300
301;2022;F;Non;Private;Pickup;10;dev_integral;4;Non;Oui;80-100K;250 - 300
302;2022;F;Non;Private;z_SUV;1;dev_express;51;Non;Oui;O-20K;250 - 300
303;2022;F;Oui;Private;Minivan;1;dev_integral;71;Oui;Oui;O-20K;300 - 350
304;2022;F;Non;Private;Pickup;10;dev_express;81;Non;Non;40-60K;250 - 300
305;2022;F;Non;Private;Sports Car;12;dev_express;71;Non;Non;>100K;250 - 300
306;2022;M;Oui;Commercial;Pickup;20;dev_express;11;Non;Non;>100K;250 - 300
307;2022;F;Non;Private;z_SUV;3;dev_express;74;Non;Non;O-20K;250 - 300
308;2022;F;Non;Private;Minivan;11;dev_premium;19;Non;Non;60-80K;400 et plus
309;2022;F;Oui;Commercial;Panel Truck;19;dev_express;53;Non;Non;>100K;250 - 300
310;2022;F;Non;Commercial;Minivan;11;dev_express;48;Non;Non;O-20K;250 - 300
311;2022;M;Oui;Commercial;Sports Car;7;dev_express;36;Non;Non;40-60K;250 - 300
312;2022;M;Non;Private;Minivan;8;dev_premium;39;Non;Non;20-40K;400 et plus
313;2022;M;Non;Private;Sports Car;1;dev_integral;68;Oui;Oui;40-60K;300 - 350
314;2022;F;Non;Private;Pickup;12;dev_integral;63;Non;Oui;>100K;300 - 350
315;2022;M;Non;Private;Minivan;1;dev_integral;21;Non;Non;O-20K;300 - 350
316;2022;M;Oui;Private;Minivan;11;dev_premium;83;Non;Non;>100K;350 - 400
317;2022;F;Non;Commercial;Panel Truck;7;dev_integral;13;Non;Non;20-40K;250 - 300
318;2022;F;Non;Private;z_SUV;5;dev_express;51;Non;Oui;O-20K;250 - 300
319;2022;M;Oui;Private;Pickup;9;dev_integral;85;Oui;Oui;;300 - 350
320;2022;F;Oui;Private;Van;14;dev_integral;62;Non;Non;>100K;300 - 350
321;2022;F;Non;Private;z_SUV;4;dev_integral;93;Oui;Oui;O-20K;300 - 350
322;2022;F;Non;Private;Sports Car;6;dev_integral;75;Non;Non;60-80K;300 - 350
323;2022;F;Non;Commercial;Pickup;1;dev_express;45;Non;Oui;O-20K;250 - 300
324;2022;F;Non;Private;z_SUV;1;dev_express;56;Non;Oui;20-40K;250 - 300
325;2022;M;Non;Commercial;Minivan;1;dev_express;7;Non;Non;80-100K;250 - 300
326;2022;F;Oui;Private;Minivan;19;dev_integral;74;Non;Non;80-100K;300 - 350
327;2022;F;Non;Commercial;z_SUV;12;dev_integral;62;Non;Non;20-40K;300 - 350
328;2022;F;Non;Private;Minivan;1;dev_integral;55;Non;Non;40-60K;300 - 350
329;2022;F;Non;Private;z_SUV;9;dev_premium;62;Non;Non;20-40K;400 et plus
330;2022;F;Oui;Private;Pickup;9;dev_vip;51;Non;Non;60-80K;400 et plus
331;2022;M;Oui;Private;Minivan;1;dev_express;83;Oui;Oui;20-40K;250 - 300
332;2022;M;Non;Private;Sports Car;4;dev_express;36;Non;Non;20-40K;250 - 300
333;2022;M;Oui;Commercial;Van;7;dev_integral;54;Non;Oui;20-40K;250 - 300
334;2022;F;Non;Commercial;Minivan;9;dev_integral;66;Non;Oui;60-80K;300 - 350
335;2022;F;Non;Private;z_SUV;20;dev_express;48;Non;Oui;80-100K;250 - 300
336;2022;M;Non;Private;Sports Car;15;dev_integral;18;Non;Non;40-60K;250 - 300
337;2022;M;Oui;Commercial;Pickup;7;dev_integral;51;Non;Non;40-60K;300 - 350
338;2022;M;Non;Commercial;z_SUV;9;dev_integral;40;Non;Oui;>100K;250 - 300
339;2022;F;Non;Private;Sports Car;6;dev_express;31;Oui;Oui;O-20K;250 - 300
340;2022;M;Non;Commercial;Panel Truck;8;dev_express;62;Non;Oui;>100K;250 - 300
341;2022;M;Non;Commercial;Sports Car;1;dev_integral;83;Non;Oui;40-60K;300 - 350
342;2022;M;Non;Private;z_SUV;1;dev_integral;36;Non;Non;60-80K;300 - 350
343;2022;M;Non;Commercial;Minivan;5;dev_integral;76;Non;Non;20-40K;250 - 300
344;2022;M;Oui;Commercial;Van;8;dev_integral;57;Non;Non;>100K;300 - 350
345;2022;M;Non;Private;z_SUV;;dev_premium;57;Non;Non;>100K;400 et plus
346;2022;F;Non;Commercial;Panel Truck;14;dev_express;24;Non;Non;60-80K;250 - 300
347;2022;F;Non;Commercial;Panel Truck;3;dev_integral;22;Non;Oui;>100K;250 - 300
348;2022;F;Non;Private;Minivan;10;dev_express;83;Non;Non;O-20K;250 - 300
349;2022;M;Non;Private;Sports Car;1;dev_integral;36;Non;Non;O-20K;300 - 350
350;2022;F;Non;Private;Minivan;10;dev_vip;88;Oui;Oui;>100K;400 et plus
351;2022;M;Oui;Private;Minivan;13;dev_integral;30;Non;Non;40-60K;300 - 350
352;2022;M;Non;Commercial;z_SUV;1;dev_integral;69;Non;Oui;80-100K;300 - 350
353;2022;F;Non;Private;Sports Car;20;dev_integral;83;Non;Non;>100K;300 - 350
354;2022;M;Non;Commercial;Panel Truck;1;dev_integral;81;Non;Oui;80-100K;300 - 350
355;2022;F;Non;Private;Minivan;18;dev_express;50;Non;Oui;60-80K;250 - 300
356;2022;F;Non;Private;z_SUV;25;dev_integral;55;Non;Non;;250 - 300
357;2022;M;Oui;Commercial;Panel Truck;19;dev_integral;31;Non;Oui;>100K;300 - 350
358;2022;M;Oui;Private;Pickup;17;dev_express;6;Non;Oui;20-40K;250 - 300
359;2022;F;Oui;Commercial;Pickup;11;dev_integral;54;Non;Non;60-80K;300 - 350
360;2022;F;Non;Private;Van;13;dev_express;59;Non;Non;40-60K;250 - 300
361;2022;M;Non;Commercial;z_SUV;8;dev_premium;74;Non;Oui;20-40K;400 et plus
362;2022;M;Non;Commercial;z_SUV;5;dev_express;21;Non;Oui;40-60K;250 - 300
363;2022;F;Non;Private;Minivan;1;dev_premium;56;Non;Oui;40-60K;400 et plus
364;2022;M;Non;Commercial;z_SUV;1;dev_integral;26;Non;Oui;O-20K;250 - 300
365;2022;M;Oui;Private;Minivan;;dev_integral;64;Non;Oui;;300 - 350
366;2022;F;Oui;Private;Minivan;8;dev_integral;42;Non;Oui;20-40K;250 - 300
367;2022;F;Non;Private;z_SUV;9;dev_express;63;Non;Non;>100K;250 - 300
368;2022;F;Non;Private;Minivan;7;dev_express;70;Non;Non;20-40K;250 - 300
369;2022;M;Non;Private;Sports Car;13;dev_premium;11;Non;Oui;40-60K;400 et plus
370;2022;F;Non;Private;z_SUV;10;dev_express;36;Oui;Oui;O-20K;250 - 300
371;2022;M;Oui;Private;Minivan;;dev_integral;61;Non;Non;;300 - 350
372;2022;M;Non;Commercial;Panel Truck;8;dev_integral;87;Non;Non;40-60K;300 - 350
373;2022;F;Non;Private;Minivan;1;dev_integral;51;Non;Oui;O-20K;300 - 350
374;2022;F;Non;Private;z_SUV;;dev_express;52;Non;Non;20-40K;250 - 300
375;2022;M;Non;Private;z_SUV;6;dev_express;46;Non;Oui;20-40K;250 - 300
376;2022;F;Non;Private;z_SUV;11;dev_premium;70;Non;Oui;20-40K;400 et plus
377;2022;M;Non;Private;Minivan;21;dev_integral;22;Non;Oui;60-80K;300 - 350
378;2022;M;Oui;Private;Minivan;8;dev_integral;73;Oui;Oui;40-60K;300 - 350
379;2022;F;Non;Private;Minivan;;dev_integral;57;Non;Non;80-100K;300 - 350
380;2022;M;Non;Private;Minivan;18;dev_express;13;Non;Oui;>100K;250 - 300
381;2022;M;Oui;Commercial;Van;7;dev_express;79;Non;Non;40-60K;250 - 300
382;2022;M;Non;Commercial;Van;16;dev_integral;69;Non;Non;>100K;300 - 350
383;2022;M;Non;Private;Sports Car;14;dev_premium;75;Non;Non;>100K;400 et plus
384;2022;M;Non;Commercial;z_SUV;11;dev_integral;13;Non;Oui;60-80K;250 - 300
385;2022;F;Non;Commercial;z_SUV;4;dev_express;68;Non;Oui;20-40K;250 - 300
386;2022;M;Non;Private;Minivan;19;dev_express;15;Non;Non;>100K;250 - 300
387;2022;F;Non;Private;Pickup;14;dev_integral;91;Non;Non;;250 - 300
388;2022;M;Non;Private;z_SUV;5;dev_express;41;Non;Non;20-40K;250 - 300
389;2022;M;Oui;Private;Minivan;16;dev_express;74;Non;Oui;>100K;250 - 300
390;2022;F;Non;Private;z_SUV;12;dev_integral;44;Oui;Oui;>100K;250 - 300
391;2022;F;Non;Private;Sports Car;15;dev_integral;39;Non;Non;;300 - 350
392;2022;F;Non;Commercial;Minivan;11;dev_express;45;Non;Non;O-20K;250 - 300
393;2022;M;Oui;Commercial;Panel Truck;7;dev_express;50;Non;Non;>100K;250 - 300
394;2022;F;Oui;Private;Van;3;dev_express;73;Non;Non;>100K;250 - 300
395;2022;M;Oui;Commercial;Pickup;8;dev_express;79;Non;Non;20-40K;250 - 300
396;2022;F;Non;Commercial;Pickup;8;dev_premium;40;Oui;Oui;60-80K;400 et plus
397;2022;M;Non;Private;z_SUV;16;dev_premium;93;Non;Non;O-20K;300 - 350
398;2022;M;Non;Private;z_SUV;10;dev_express;79;Non;Non;O-20K;250 - 300
399;2022;M;Non;Commercial;Minivan;9;dev_integral;73;Oui;Oui;80-100K;250 - 300
400;2022;F;Non;Commercial;Sports Car;1;dev_integral;16;Non;Non;;300 - 350
401;2022;M;Non;Commercial;Panel Truck;5;dev_integral;5;Non;Non;>100K;300 - 350
402;2022;M;Non;Private;z_SUV;5;dev_express;90;Non;Oui;O-20K;250 - 300
403;2022;M;Non;Commercial;Panel Truck;16;dev_express;66;Non;Non;>100K;250 - 300
404;2022;M;Oui;Commercial;Panel Truck;19;dev_express;61;Non;Non;>100K;250 - 300
405;2022;F;Non;Private;Minivan;7;dev_integral;6;Non;Oui;40-60K;250 - 300
406;2022;F;Non;Commercial;z_SUV;8;dev_integral;23;Non;Oui;60-80K;250 - 300
407;2022;M;Non;Private;Minivan;9;dev_premium;11;Non;Oui;60-80K;350 - 400
408;2022;M;Oui;Commercial;Van;14;dev_premium;41;Non;Non;;350 - 400
409;2022;F;Non;Private;z_SUV;1;dev_premium;64;Non;Non;O-20K;300 - 350
410;2022;M;Oui;Commercial;Van;1;dev_integral;66;Non;Oui;20-40K;300 - 350
411;2022;M;Non;Private;Sports Car;14;dev_express;51;Non;Non;>100K;250 - 300
412;2022;F;Non;Private;Pickup;;dev_premium;83;Non;Non;80-100K;400 et plus
413;2022;F;Non;Private;z_SUV;16;dev_premium;11;Non;Non;O-20K;400 et plus
414;2022;M;Non;Commercial;Pickup;16;dev_integral;78;Non;Non;80-100K;250 - 300
415;2022;F;Non;Private;Pickup;;dev_express;57;Non;Non;20-40K;250 - 300
416;2022;M;Non;Private;Pickup;1;dev_integral;52;Non;Non;O-20K;300 - 350
417;2022;F;Non;Private;z_SUV;1;dev_integral;40;Non;Oui;O-20K;300 - 350
418;2022;M;Non;Private;Pickup;1;dev_express;75;Non;Non;O-20K;250 - 300
419;2022;F;Oui;Commercial;Panel Truck;1;dev_integral;38;Non;Oui;;300 - 350
420;2022;M;Oui;Commercial;Pickup;1;dev_integral;71;Oui;Oui;20-40K;300 - 350
421;2022;M;Non;Private;Van;16;dev_integral;18;Non;Non;80-100K;300 - 350
422;2022;M;Non;Private;Minivan;1;dev_integral;67;Non;Non;O-20K;300 - 350
423;2022;M;Oui;Commercial;Minivan;7;dev_integral;85;Non;Non;80-100K;300 - 350
424;2022;F;Non;Private;Sports Car;12;dev_express;90;Non;Non;80-100K;250 - 300
425;2022;M;Non;Commercial;z_SUV;7;dev_premium;48;Non;Non;80-100K;400 et plus
426;2022;M;Non;Commercial;Minivan;5;dev_premium;44;Oui;Oui;20-40K;400 et plus
427;2022;F;Non;Private;Minivan;1;dev_integral;60;Non;Non;60-80K;300 - 350
428;2022;F;Non;Commercial;Panel Truck;18;dev_express;64;Non;Non;>100K;250 - 300
429;2022;F;Non;Private;z_SUV;11;dev_integral;73;Oui;Oui;40-60K;300 - 350
430;2022;F;Non;Commercial;z_SUV;1;dev_express;50;Non;Non;20-40K;250 - 300
431;2022;M;Oui;Commercial;Panel Truck;4;dev_vip;22;Non;Non;60-80K;400 et plus
432;2022;F;Oui;Commercial;Pickup;17;dev_integral;93;Non;Non;;250 - 300
433;2022;F;Non;Private;Minivan;15;dev_express;11;Non;Non;20-40K;250 - 300
434;2022;F;Oui;Commercial;Panel Truck;;dev_integral;74;Non;Non;40-60K;300 - 350
435;2022;F;Oui;Commercial;Pickup;1;dev_express;59;Non;Non;O-20K;250 - 300
436;2022;F;Non;Commercial;Pickup;13;dev_express;84;Non;Non;80-100K;250 - 300
437;2022;F;Oui;Private;Van;12;dev_integral;60;Non;Oui;40-60K;300 - 350
438;2022;M;Non;Commercial;z_SUV;6;dev_premium;80;Non;Oui;O-20K;400 et plus
439;2022;F;Non;Private;Sports Car;9;dev_integral;61;Non;Oui;O-20K;250 - 300
440;2022;F;Oui;Commercial;Pickup;1;dev_premium;31;Non;Non;O-20K;350 - 400
441;2022;F;Non;Private;Pickup;;dev_integral;74;Non;Non;;300 - 350
442;2022;F;Oui;Commercial;Pickup;19;dev_integral;51;Non;Non;20-40K;300 - 350
443;2022;F;Non;Commercial;z_SUV;7;dev_express;88;Non;Oui;40-60K;250 - 300
444;2022;M;Non;Private;z_SUV;15;dev_express;74;Non;Non;O-20K;250 - 300
445;2022;F;Oui;Commercial;Pickup;1;dev_integral;82;Non;Non;>100K;300 - 350
446;2022;M;Non;Private;z_SUV;9;dev_integral;49;Non;Oui;80-100K;250 - 300
447;2022;M;Non;Private;z_SUV;6;dev_integral;65;Non;Oui;O-20K;250 - 300
448;2022;F;Non;Private;z_SUV;1;dev_express;71;Oui;Oui;O-20K;250 - 300
449;2022;F;Non;Private;Sports Car;12;dev_express;84;Non;Oui;60-80K;250 - 300
450;2022;M;Oui;Commercial;Pickup;4;dev_express;29;Non;Non;;250 - 300
451;2022;F;Non;Private;z_SUV;8;dev_integral;92;Non;Oui;O-20K;300 - 350
452;2022;F;Non;Private;z_SUV;20;dev_premium;53;Non;Non;>100K;400 et plus
453;2022;M;Non;Commercial;Van;4;dev_express;39;Non;Non;60-80K;250 - 300
454;2022;F;Non;Commercial;Minivan;10;dev_express;25;Non;Oui;40-60K;250 - 300
455;2022;F;Non;Commercial;Pickup;;dev_integral;37;Non;Non;80-100K;250 - 300
456;2022;F;Oui;Commercial;Van;1;dev_integral;53;Non;Non;60-80K;300 - 350
457;2022;F;Non;Private;Sports Car;8;dev_premium;37;Non;Oui;O-20K;400 et plus
458;2022;M;Oui;Private;Pickup;1;dev_integral;29;Non;Non;>100K;250 - 300
459;2022;M;Oui;Private;Minivan;1;dev_integral;38;Oui;Oui;80-100K;250 - 300
460;2022;M;Non;Private;z_SUV;9;dev_premium;60;Non;Non;O-20K;350 - 400
461;2022;M;Non;Private;Sports Car;5;dev_express;48;Non;Non;60-80K;250 - 300
462;2022;M;Non;Commercial;Panel Truck;12;dev_express;35;Non;Non;80-100K;250 - 300
463;2022;F;Non;Private;Minivan;11;dev_integral;60;Non;Non;40-60K;250 - 300
464;2022;M;Non;Commercial;Pickup;5;dev_integral;76;Oui;Oui;O-20K;250 - 300
465;2022;M;Oui;Commercial;Pickup;12;dev_express;88;Non;Non;60-80K;250 - 300
466;2022;F;Oui;Commercial;Van;;dev_express;2;Oui;Oui;>100K;250 - 300
467;2022;F;Non;Commercial;Panel Truck;;dev_premium;13;Non;Non;80-100K;400 et plus
468;2022;F;Non;Private;z_SUV;6;dev_integral;20;Non;Non;20-40K;300 - 350
469;2022;F;Non;Commercial;Minivan;1;dev_integral;58;Oui;Oui;O-20K;300 - 350
470;2022;F;Non;Private;z_SUV;6;dev_express;56;Non;Oui;O-20K;250 - 300
471;2022;M;Oui;Private;Minivan;9;dev_express;29;Non;Non;80-100K;250 - 300
472;2022;M;Non;Private;z_SUV;4;dev_premium;24;Non;Oui;20-40K;400 et plus
473;2022;F;Non;Private;Pickup;9;dev_integral;7;Non;Oui;40-60K;300 - 350
474;2022;M;Non;Private;z_SUV;1;dev_express;58;Non;Non;O-20K;250 - 300
475;2022;F;Non;Private;z_SUV;1;dev_express;23;Non;Oui;O-20K;250 - 300
476;2022;F;Non;Private;z_SUV;8;dev_integral;78;Non;Non;O-20K;300 - 350
477;2022;M;Oui;Commercial;Panel Truck;18;dev_integral;29;Non;Non;>100K;250 - 300
478;2022;M;Non;Private;Minivan;11;dev_integral;30;Non;Non;>100K;300 - 350
479;2022;F;Oui;Commercial;Pickup;6;dev_express;70;Non;Non;40-60K;250 - 300
480;2022;F;Non;Private;z_SUV;1;dev_integral;72;Non;Non;20-40K;300 - 350
481;2022;F;Oui;Private;Van;1;dev_express;69;Non;Oui;O-20K;250 - 300
482;2022;F;Non;Private;z_SUV;;dev_express;26;Non;Oui;60-80K;250 - 300
483;2022;F;Non;Private;Minivan;7;dev_premium;54;Oui;Oui;60-80K;400 et plus
484;2022;F;Non;Private;Sports Car;10;dev_integral;73;Non;Non;>100K;300 - 350
485;2022;F;Non;Private;Minivan;1;dev_integral;5;Non;Non;O-20K;250 - 300
486;2022;F;Non;Private;Sports Car;1;dev_integral;23;Oui;Oui;20-40K;250 - 300
487;2022;M;Non;Commercial;z_SUV;1;dev_premium;61;Non;Non;20-40K;300 - 350
488;2022;M;Non;Private;Sports Car;10;dev_express;10;Non;Oui;20-40K;250 - 300
489;2022;M;Non;Commercial;Minivan;8;dev_express;29;Non;Oui;20-40K;250 - 300
490;2022;F;Non;Private;z_SUV;10;dev_express;60;Oui;Oui;60-80K;250 - 300
491;2022;M;Non;Private;z_SUV;6;dev_express;75;Non;Oui;60-80K;250 - 300
492;2022;F;Oui;Commercial;Pickup;11;dev_integral;77;Non;Non;O-20K;250 - 300
493;2022;M;Non;Private;z_SUV;1;dev_integral;51;Non;Non;20-40K;300 - 350
494;2022;F;Oui;Commercial;Panel Truck;8;dev_premium;10;Non;Non;>100K;400 et plus
495;2022;F;Non;Private;Minivan;;dev_premium;22;Non;Non;20-40K;350 - 400
496;2022;F;Oui;Commercial;Van;13;dev_integral;73;Non;Non;80-100K;250 - 300
497;2022;M;Oui;Commercial;Pickup;1;dev_integral;15;Oui;Oui;O-20K;300 - 350
498;2022;M;Non;Private;Pickup;19;dev_integral;50;Non;Non;>100K;300 - 350
499;2022;M;Non;Private;z_SUV;9;dev_integral;93;Non;Non;O-20K;300 - 350
500;2022;M;Oui;Private;Pickup;;dev_express;20;Non;Non;60-80K;250 - 300
501;2022;F;Non;Private;Minivan;15;dev_express;61;Non;Non;>100K;250 - 300
502;2022;F;Non;Private;Pickup;10;dev_premium;76;Non;Non;20-40K;400 et plus
503;2022;F;Non;Private;z_SUV;7;dev_integral;8;Non;Non;>100K;300 - 350
504;2022;F;Non;Commercial;Pickup;1;dev_express;60;Non;Oui;20-40K;250 - 300
505;2022;F;Non;Commercial;Van;12;dev_express;87;Non;Non;>100K;250 - 300
506;2022;F;Oui;Private;Pickup;1;dev_integral;55;Non;Non;40-60K;300 - 350
507;2022;M;Oui;Commercial;Minivan;8;dev_integral;53;Non;Non;O-20K;250 - 300
508;2022;F;Oui;Commercial;Van;10;dev_premium;46;Non;Non;>100K;400 et plus
509;2022;F;Non;Private;Minivan;13;dev_express;53;Non;Non;>100K;250 - 300
510;2022;F;Non;Private;z_SUV;1;dev_express;60;Non;Non;60-80K;250 - 300
511;2022;M;Non;Commercial;z_SUV;1;dev_express;64;Non;Oui;O-20K;250 - 300
512;2022;F;Oui;Commercial;Minivan;17;dev_integral;20;Non;Non;O-20K;250 - 300
513;2022;M;Oui;Commercial;Pickup;7;dev_premium;59;Non;Non;20-40K;350 - 400
514;2022;M;Non;Private;Minivan;21;dev_express;58;Non;Non;60-80K;250 - 300
515;2022;M;Oui;Private;Minivan;8;dev_integral;56;Non;Oui;>100K;300 - 350
516;2022;F;Non;Commercial;Minivan;1;dev_integral;62;Non;Oui;60-80K;250 - 300
517;2022;F;Oui;Commercial;Panel Truck;11;dev_express;35;Non;Non;>100K;250 - 300
518;2022;M;Oui;Private;Minivan;22;dev_integral;31;Non;Non;;300 - 350
519;2022;F;Non;Commercial;z_SUV;10;dev_premium;84;Non;Non;>100K;400 et plus
520;2022;M;Non;Private;Minivan;;dev_integral;70;Non;Non;40-60K;300 - 350
521;2022;F;Non;Private;z_SUV;8;dev_integral;69;Non;Non;20-40K;250 - 300
522;2022;M;Non;Commercial;Minivan;4;dev_integral;6;Oui;Oui;O-20K;300 - 350
523;2022;M;Non;Private;Minivan;;dev_express;18;Non;Non;>100K;250 - 300
524;2022;F;Non;Private;z_SUV;7;dev_express;82;Non;Non;20-40K;250 - 300
525;2022;F;Oui;Private;Minivan;1;dev_premium;61;Non;Non;20-40K;300 - 350
526;2022;M;Non;Commercial;Pickup;1;dev_express;33;Non;Non;;250 - 300
527;2022;F;Non;Private;z_SUV;6;dev_integral;61;Oui;Oui;40-60K;300 - 350
528;2022;M;Non;Commercial;Pickup;4;dev_integral;86;Non;Oui;80-100K;300 - 350
529;2022;M;Non;Private;Sports Car;;dev_express;83;Non;Oui;40-60K;250 - 300
530;2022;F;Non;Private;Minivan;9;dev_express;79;Non;Non;20-40K;250 - 300
531;2022;M;Oui;Commercial;Panel Truck;1;dev_express;55;Non;Oui;20-40K;250 - 300
532;2022;M;Oui;Commercial;Pickup;8;dev_express;54;Oui;Oui;40-60K;250 - 300
533;2022;M;Oui;Commercial;Pickup;1;dev_express;91;Non;Non;;250 - 300
534;2022;M;Oui;Commercial;Pickup;13;dev_premium;73;Non;Oui;40-60K;350 - 400
535;2022;M;Oui;Private;Pickup;9;dev_express;48;Non;Oui;;250 - 300
536;2022;F;Non;Commercial;z_SUV;1;dev_express;59;Non;Non;40-60K;250 - 300
537;2022;F;Oui;Private;Minivan;;dev_express;67;Non;Oui;;250 - 300
538;2022;F;Non;Private;Sports Car;8;dev_integral;38;Non;Oui;O-20K;250 - 300
539;2022;F;Oui;Private;Pickup;1;dev_express;50;Non;Non;20-40K;250 - 300
540;2022;M;Non;Private;Pickup;15;dev_integral;6;Non;Non;>100K;300 - 350
541;2022;F;Non;Private;Sports Car;18;dev_express;5;Oui;Oui;80-100K;250 - 300
542;2022;M;Non;Private;Minivan;12;dev_express;89;Non;Non;60-80K;250 - 300
543;2022;M;Oui;Private;Minivan;17;dev_integral;87;Non;Non;20-40K;300 - 350
544;2022;F;Non;Private;Sports Car;1;dev_integral;57;Non;Non;60-80K;300 - 350
545;2022;F;Oui;Commercial;Panel Truck;14;dev_integral;84;Oui;Oui;60-80K;300 - 350
546;2022;M;Non;Private;Sports Car;9;dev_integral;60;Non;Non;20-40K;250 - 300
547;2022;M;Non;Private;z_SUV;7;dev_express;29;Non;Non;20-40K;250 - 300
548;2022;F;Non;Private;Sports Car;9;dev_integral;69;Non;Non;60-80K;250 - 300
549;2022;M;Non;Private;z_SUV;12;dev_integral;74;Non;Non;>100K;250 - 300
550;2022;F;Oui;Private;Pickup;11;dev_premium;30;Non;Oui;40-60K;400 et plus
551;2022;M;Non;Private;z_SUV;18;dev_integral;38;Non;Non;60-80K;300 - 350
552;2022;M;Non;Private;Sports Car;20;dev_integral;73;Non;Non;;300 - 350
553;2022;M;Non;Commercial;z_SUV;9;dev_integral;86;Non;Non;20-40K;300 - 350
554;2022;M;Non;Commercial;z_SUV;5;dev_integral;46;Non;Non;40-60K;300 - 350
555;2022;M;Non;Commercial;Pickup;7;dev_express;93;Oui;Oui;40-60K;250 - 300
556;2022;M;Non;Private;Minivan;1;dev_express;17;Non;Non;;250 - 300
557;2022;M;Non;Private;Minivan;;dev_integral;5;Non;Oui;60-80K;300 - 350
558;2022;F;Oui;Commercial;Panel Truck;;dev_integral;66;Non;Non;O-20K;300 - 350
559;2022;M;Oui;Private;Pickup;1;dev_integral;90;Non;Non;O-20K;300 - 350
560;2022;M;Oui;Private;Minivan;19;dev_express;2;Non;Non;40-60K;250 - 300
561;2022;M;Non;Private;Sports Car;10;dev_integral;19;Non;Non;O-20K;300 - 350
562;2022;M;Oui;Commercial;Van;18;dev_integral;35;Non;Non;40-60K;300 - 350
563;2022;M;Non;Private;Minivan;10;dev_express;53;Non;Oui;20-40K;250 - 300
564;2022;F;Non;Private;Van;1;dev_integral;25;Non;Oui;O-20K;250 - 300
565;2022;M;Non;Private;z_SUV;16;dev_express;26;Oui;Oui;80-100K;250 - 300
566;2022;F;Non;Private;z_SUV;9;dev_express;57;Non;Non;O-20K;250 - 300
567;2022;M;Non;Private;Pickup;7;dev_integral;15;Oui;Oui;O-20K;300 - 350
568;2022;F;Non;Private;Pickup;15;dev_integral;86;Non;Non;>100K;250 - 300
569;2022;M;Non;Private;z_SUV;13;dev_express;32;Non;Non;60-80K;250 - 300
570;2022;F;Non;Private;Minivan;14;dev_premium;63;Non;Non;>100K;350 - 400
571;2022;F;Oui;Commercial;Panel Truck;24;dev_premium;22;Non;Oui;80-100K;400 et plus
572;2022;F;Non;Commercial;Pickup;10;dev_express;67;Non;Non;O-20K;250 - 300
573;2022;F;Non;Private;z_SUV;13;dev_express;73;Non;Non;60-80K;250 - 300
574;2022;F;Oui;Private;Pickup;17;dev_express;9;Non;Non;O-20K;250 - 300
575;2022;M;Oui;Commercial;Van;8;dev_integral;85;Non;Oui;60-80K;250 - 300
576;2022;F;Oui;Private;Pickup;15;dev_integral;64;Non;Non;60-80K;250 - 300
577;2022;M;Non;Commercial;Minivan;10;dev_express;18;Non;Non;O-20K;250 - 300
578;2022;M;Oui;Private;Minivan;1;dev_integral;58;Non;Non;O-20K;300 - 350
579;2022;M;Non;Private;z_SUV;1;dev_integral;46;Non;Non;80-100K;300 - 350
580;2022;M;Oui;Private;Minivan;1;dev_premium;55;Non;Oui;20-40K;350 - 400
581;2022;M;Oui;Commercial;Panel Truck;10;dev_express;50;Non;Oui;O-20K;250 - 300
582;2022;M;Oui;Private;Minivan;13;dev_express;55;Non;Oui;60-80K;250 - 300
583;2022;M;Oui;Private;Minivan;7;dev_integral;90;Non;Non;O-20K;300 - 350
584;2022;F;Non;Commercial;Minivan;;dev_integral;39;Non;Non;80-100K;300 - 350
585;2022;M;Non;Private;Sports Car;1;dev_integral;88;Non;Non;O-20K;300 - 350
586;2022;M;Non;Private;z_SUV;5;dev_premium;92;Oui;Oui;60-80K;400 et plus
587;2022;M;Non;Private;z_SUV;10;dev_premium;88;Non;Oui;;400 et plus
588;2022;M;Non;Private;z_SUV;3;dev_integral;63;Non;Non;O-20K;250 - 300
589;2022;M;Non;Private;z_SUV;1;dev_express;38;Oui;Oui;;250 - 300
590;2022;F;Oui;Private;Pickup;1;dev_express;79;Non;Non;20-40K;250 - 300
591;2022;F;Oui;Commercial;Panel Truck;10;dev_integral;51;Non;Non;>100K;300 - 350
592;2022;M;Oui;Private;Van;;dev_express;6;Non;Non;>100K;250 - 300
593;2022;M;Non;Private;z_SUV;14;dev_integral;5;Non;Oui;80-100K;300 - 350
594;2022;F;Non;Private;z_SUV;6;dev_integral;83;Non;Non;40-60K;300 - 350
595;2022;M;Non;Private;Sports Car;19;dev_express;86;Non;Non;40-60K;250 - 300
596;2022;M;Oui;Private;Minivan;6;dev_integral;42;Non;Non;O-20K;300 - 350
597;2022;M;Oui;Private;Minivan;14;dev_integral;90;Non;Non;>100K;250 - 300
598;2022;M;Non;Private;Sports Car;20;dev_premium;65;Non;Non;O-20K;400 et plus
599;2022;F;Oui;Commercial;Pickup;7;dev_integral;31;Non;Oui;80-100K;250 - 300
600;2022;M;Oui;Commercial;Pickup;1;dev_premium;58;Oui;Oui;;350 - 400
601;2022;M;Non;Commercial;z_SUV;13;dev_express;60;Oui;Oui;60-80K;250 - 300
602;2022;F;Non;Private;Minivan;13;dev_integral;62;Oui;Oui;O-20K;300 - 350
603;2022;M;Oui;Commercial;Panel Truck;6;dev_express;66;Non;Non;>100K;250 - 300
604;2022;F;Non;Commercial;z_SUV;1;dev_premium;11;Non;Non;60-80K;400 et plus
605;2022;M;Non;Private;Sports Car;7;dev_premium;33;Non;Non;;400 et plus
606;2022;F;Oui;Private;Minivan;15;dev_integral;59;Non;Oui;60-80K;300 - 350
607;2022;M;Oui;Commercial;Van;13;dev_premium;54;Non;Non;60-80K;400 et plus
608;2022;M;Non;Commercial;Minivan;7;dev_integral;70;Non;Non;60-80K;250 - 300
609;2022;F;Non;Commercial;z_SUV;7;dev_express;6;Non;Oui;20-40K;250 - 300
610;2022;M;Non;Private;Minivan;7;dev_integral;65;Non;Non;80-100K;300 - 350
611;2022;M;Oui;Private;Minivan;16;dev_integral;24;Non;Oui;>100K;300 - 350
612;2022;F;Non;Private;z_SUV;15;dev_premium;37;Non;Non;80-100K;300 - 350
613;2022;M;Non;Commercial;Minivan;7;dev_premium;7;Non;Non;20-40K;400 et plus
614;2022;M;Oui;Private;Van;18;dev_integral;17;Non;Non;>100K;300 - 350
615;2022;F;Non;Private;Sports Car;21;dev_express;73;Non;Non;>100K;250 - 300
616;2022;F;Non;Private;z_SUV;13;dev_integral;14;Non;Non;80-100K;300 - 350
617;2022;M;Non;Private;Sports Car;11;dev_integral;56;Oui;Oui;20-40K;300 - 350
618;2022;F;Non;Commercial;Sports Car;;dev_integral;7;Non;Non;40-60K;250 - 300
619;2022;F;Oui;Private;Minivan;;dev_express;31;Non;Non;80-100K;250 - 300
620;2022;M;Oui;Private;Minivan;5;dev_integral;71;Non;Oui;;300 - 350
621;2022;F;Oui;Commercial;Panel Truck;17;dev_express;20;Non;Non;>100K;250 - 300
622;2022;M;Non;Private;Sports Car;14;dev_express;20;Non;Non;80-100K;250 - 300
623;2022;M;Non;Private;Pickup;10;dev_integral;22;Non;Non;>100K;250 - 300
624;2022;M;Non;Commercial;Sports Car;11;dev_integral;20;Non;Non;40-60K;300 - 350
625;2022;M;Non;Private;Van;18;dev_integral;19;Non;Non;40-60K;300 - 350
626;2022;M;Non;Private;Pickup;1;dev_premium;17;Non;Non;20-40K;400 et plus
627;2022;F;Non;Private;Minivan;11;dev_express;65;Non;Non;>100K;250 - 300
628;2022;M;Non;Private;Minivan;13;dev_express;12;Non;Non;>100K;250 - 300
629;2022;M;Oui;Commercial;Minivan;9;dev_premium;39;Non;Non;80-100K;400 et plus
630;2022;M;Non;Private;Sports Car;1;dev_integral;47;Non;Non;40-60K;250 - 300
631;2022;M;Oui;Private;Pickup;8;dev_integral;20;Non;Non;40-60K;300 - 350
632;2022;M;Oui;Private;Minivan;15;dev_integral;5;Non;Non;>100K;300 - 350
633;2022;F;Non;Private;Sports Car;8;dev_integral;93;Non;Non;40-60K;250 - 300
634;2022;F;Non;Commercial;Van;7;dev_express;18;Non;Oui;80-100K;250 - 300
635;2022;F;Non;Commercial;Pickup;10;dev_integral;21;Oui;Oui;60-80K;300 - 350
636;2022;F;Non;Commercial;Panel Truck;;dev_integral;28;Non;Non;80-100K;300 - 350
637;2022;F;Non;Private;z_SUV;1;dev_integral;68;Non;Non;20-40K;250 - 300
638;2022;F;Non;Commercial;Pickup;1;dev_express;74;Non;Oui;60-80K;250 - 300
639;2022;F;Non;Commercial;Pickup;1;dev_premium;85;Non;Non;20-40K;350 - 400
640;2022;M;Non;Private;Sports Car;1;dev_premium;68;Oui;Oui;O-20K;400 et plus
641;2022;F;Oui;Private;Minivan;7;dev_integral;16;Non;Non;O-20K;300 - 350
642;2022;F;Non;Private;z_SUV;1;dev_integral;32;Non;Non;20-40K;250 - 300
643;2022;M;Oui;Private;Minivan;7;dev_integral;58;Oui;Oui;O-20K;300 - 350
644;2022;F;Non;Private;Minivan;17;dev_premium;48;Non;Non;>100K;300 - 350
645;2022;F;Non;Private;z_SUV;1;dev_integral;20;Non;Non;60-80K;300 - 350
646;2022;M;Non;Private;Minivan;25;dev_express;74;Non;Oui;>100K;250 - 300
647;2022;M;Non;Commercial;Minivan;9;dev_integral;59;Non;Non;80-100K;300 - 350
648;2022;M;Non;Commercial;Pickup;16;dev_integral;29;Non;Non;>100K;300 - 350
649;2022;F;Non;Private;Sports Car;;dev_integral;30;Non;Oui;80-100K;300 - 350
650;2022;M;Non;Commercial;z_SUV;8;dev_premium;65;Non;Non;20-40K;300 - 350
651;2022;F;Non;Private;z_SUV;1;dev_integral;60;Non;Non;40-60K;300 - 350
652;2022;M;Non;Commercial;Minivan;1;dev_integral;69;Non;Oui;40-60K;250 - 300
653;2022;F;Non;Commercial;Panel Truck;18;dev_vip;42;Oui;Oui;>100K;400 et plus
654;2022;M;Non;Commercial;z_SUV;1;dev_integral;56;Non;Oui;40-60K;300 - 350
655;2022;F;Non;Private;z_SUV;1;dev_integral;77;Non;Non;20-40K;300 - 350
656;2022;M;Oui;Commercial;Van;1;dev_integral;56;Oui;Oui;20-40K;250 - 300
657;2022;F;Non;Private;z_SUV;6;dev_integral;72;Oui;Oui;;300 - 350
658;2022;F;Oui;Private;Minivan;11;dev_integral;74;Non;Non;>100K;300 - 350
659;2022;F;Non;Commercial;Pickup;4;dev_premium;79;Non;Non;20-40K;350 - 400
660;2022;F;Oui;Commercial;Pickup;14;dev_integral;28;Non;Non;20-40K;300 - 350
661;2022;M;Non;Private;Van;22;dev_vip;76;Non;Non;O-20K;400 et plus
662;2022;M;Non;Private;Minivan;16;dev_premium;53;Non;Oui;60-80K;400 et plus
663;2022;M;Non;Private;Sports Car;6;dev_integral;46;Non;Non;20-40K;300 - 350
664;2022;M;Oui;Commercial;Pickup;18;dev_integral;44;Oui;Oui;>100K;300 - 350
665;2022;M;Non;Private;z_SUV;1;dev_premium;77;Oui;Oui;O-20K;400 et plus
666;2022;M;Oui;Private;Minivan;12;dev_integral;7;Non;Non;60-80K;300 - 350
667;2022;F;Non;Commercial;Minivan;13;dev_integral;53;Non;Non;40-60K;300 - 350
668;2022;F;Non;Private;z_SUV;1;dev_integral;11;Non;Non;20-40K;300 - 350
669;2022;M;Non;Private;z_SUV;15;dev_integral;23;Oui;Oui;>100K;300 - 350
670;2022;F;Non;Commercial;z_SUV;8;dev_express;22;Non;Oui;O-20K;250 - 300
671;2022;M;Non;Private;z_SUV;1;dev_integral;39;Non;Oui;O-20K;250 - 300
672;2022;M;Non;Private;Pickup;1;dev_express;68;Non;Oui;60-80K;250 - 300
673;2022;F;Non;Commercial;Pickup;6;dev_integral;46;Non;Non;40-60K;250 - 300
674;2022;M;Oui;Commercial;Minivan;1;dev_express;81;Non;Non;20-40K;250 - 300
675;2022;M;Non;Commercial;Pickup;16;dev_integral;87;Non;Oui;80-100K;300 - 350
676;2022;F;Non;Commercial;z_SUV;11;dev_integral;66;Non;Oui;60-80K;250 - 300
677;2022;F;Oui;Private;Minivan;15;dev_integral;34;Non;Non;40-60K;250 - 300
678;2022;M;Non;Commercial;z_SUV;1;dev_integral;71;Oui;Oui;60-80K;250 - 300
679;2022;M;Oui;Private;Minivan;1;dev_integral;26;Non;Non;40-60K;300 - 350
680;2022;F;Non;Commercial;Van;5;dev_express;12;Oui;Oui;20-40K;250 - 300
681;2022;M;Oui;Commercial;Van;5;dev_premium;23;Non;Non;>100K;350 - 400
682;2022;M;Non;Private;z_SUV;8;dev_express;72;Non;Non;20-40K;250 - 300
683;2022;F;Oui;Private;Minivan;1;dev_premium;70;Non;Non;20-40K;400 et plus
684;2022;F;Non;Commercial;z_SUV;6;dev_integral;36;Non;Oui;20-40K;300 - 350
685;2022;F;Non;Private;z_SUV;11;dev_express;5;Non;Non;80-100K;250 - 300
686;2022;M;Oui;Private;Minivan;1;dev_express;67;Non;Non;>100K;250 - 300
687;2022;M;Oui;Commercial;Van;8;dev_integral;66;Non;Non;80-100K;300 - 350
688;2022;M;Non;Commercial;Minivan;3;dev_express;79;Non;Non;60-80K;250 - 300
689;2022;F;Oui;Commercial;Pickup;5;dev_premium;29;Non;Oui;O-20K;400 et plus
690;2022;M;Non;Private;Minivan;15;dev_premium;48;Non;Non;20-40K;400 et plus
691;2022;M;Non;Private;Minivan;20;dev_integral;81;Non;Non;20-40K;300 - 350
692;2022;F;Oui;Commercial;Pickup;8;dev_premium;7;Non;Non;40-60K;400 et plus
693;2022;F;Non;Private;z_SUV;8;dev_express;42;Non;Non;80-100K;250 - 300
694;2022;F;Oui;Private;Pickup;1;dev_express;51;Non;Non;20-40K;250 - 300
695;2022;M;Non;Private;Minivan;12;dev_express;8;Non;Non;O-20K;250 - 300
696;2022;M;Oui;Private;Minivan;11;dev_express;53;Non;Non;40-60K;250 - 300
697;2022;M;Non;Private;Minivan;10;dev_express;36;Non;Non;>100K;250 - 300
698;2022;M;Non;Private;z_SUV;12;dev_integral;52;Non;Oui;40-60K;250 - 300
699;2022;F;Non;Private;Minivan;1;dev_express;61;Non;Oui;O-20K;250 - 300
700;2022;M;Non;Private;z_SUV;5;dev_integral;61;Oui;Oui;20-40K;300 - 350
701;2022;F;Oui;Commercial;Minivan;9;dev_integral;42;Non;Non;40-60K;300 - 350
702;2022;M;Non;Commercial;Panel Truck;5;dev_vip;79;Non;Non;20-40K;400 et plus
703;2022;F;Non;Private;Minivan;7;dev_premium;58;Non;Non;O-20K;400 et plus
704;2022;M;Non;Private;z_SUV;5;dev_express;66;Non;Oui;40-60K;250 - 300
705;2022;F;Oui;Commercial;Pickup;3;dev_express;7;Non;Non;;250 - 300
706;2022;F;Non;Commercial;Minivan;1;dev_express;72;Non;Non;60-80K;250 - 300
707;2022;F;Oui;Private;Van;;dev_express;22;Oui;Oui;60-80K;250 - 300
708;2022;F;Oui;Private;Minivan;1;dev_express;13;Non;Non;20-40K;250 - 300
709;2022;F;Oui;Commercial;Van;21;dev_integral;52;Non;Non;40-60K;300 - 350
710;2022;M;Non;Commercial;z_SUV;1;dev_premium;72;Non;Non;40-60K;400 et plus
711;2022;F;Non;Private;Sports Car;10;dev_express;17;Non;Non;60-80K;250 - 300
712;2022;M;Oui;Commercial;Panel Truck;;dev_integral;71;Non;Non;;250 - 300
713;2022;F;Non;Commercial;z_SUV;7;dev_premium;86;Oui;Oui;O-20K;400 et plus
714;2022;F;Non;Private;Van;1;dev_express;70;Non;Non;>100K;250 - 300
715;2022;M;Non;Commercial;Sports Car;1;dev_integral;82;Oui;Oui;;300 - 350
716;2022;M;Non;Private;Pickup;17;dev_premium;7;Non;Non;80-100K;400 et plus
717;2022;M;Non;Commercial;Panel Truck;9;dev_integral;25;Non;Non;60-80K;300 - 350
718;2022;F;Non;Private;z_SUV;15;dev_integral;24;Non;Oui;80-100K;300 - 350
719;2022;M;Non;Private;Sports Car;11;dev_integral;31;Non;Non;>100K;250 - 300
720;2022;M;Non;Private;z_SUV;9;dev_express;60;Non;Non;O-20K;250 - 300
721;2022;M;Non;Private;z_SUV;5;dev_express;74;Non;Oui;O-20K;250 - 300
722;2022;M;Oui;Private;Minivan;1;dev_express;54;Non;Oui;;250 - 300
723;2022;M;Oui;Private;Minivan;11;dev_express;62;Non;Oui;O-20K;250 - 300
724;2022;F;Non;Commercial;Van;11;dev_integral;18;Non;Non;40-60K;300 - 350
725;2022;M;Non;Private;Van;9;dev_integral;87;Non;Non;;250 - 300
726;2022;M;Non;Commercial;z_SUV;6;dev_express;3;Oui;Oui;60-80K;250 - 300
727;2022;F;Non;Commercial;Pickup;17;dev_express;4;Non;Non;40-60K;250 - 300
728;2022;F;Non;Commercial;Sports Car;9;dev_integral;30;Non;Non;40-60K;300 - 350
729;2022;M;Non;Commercial;Pickup;3;dev_integral;66;Non;Oui;20-40K;300 - 350
730;2022;M;Oui;Private;Minivan;7;dev_integral;69;Non;Oui;;300 - 350
731;2022;M;Non;Private;z_SUV;14;dev_integral;40;Non;Non;60-80K;250 - 300
732;2022;F;Non;Private;Minivan;;dev_premium;61;Non;Oui;40-60K;350 - 400
733;2022;F;Non;Commercial;Van;10;dev_integral;42;Non;Non;>100K;300 - 350
734;2022;M;Oui;Private;Minivan;1;dev_integral;16;Non;Non;;250 - 300
735;2022;M;Non;Commercial;Sports Car;1;dev_integral;16;Non;Non;40-60K;250 - 300
736;2022;F;Non;Private;z_SUV;1;dev_express;10;Non;Oui;O-20K;250 - 300
737;2022;M;Oui;Commercial;Minivan;6;dev_integral;57;Oui;Oui;80-100K;300 - 350
738;2022;F;Oui;Commercial;Panel Truck;1;dev_express;66;Non;Non;40-60K;250 - 300
739;2022;M;Non;Private;z_SUV;1;dev_premium;22;Non;Non;40-60K;300 - 350
740;2022;F;Non;Private;z_SUV;14;dev_integral;62;Non;Oui;>100K;250 - 300
741;2022;M;Oui;Private;Van;9;dev_premium;19;Non;Non;80-100K;400 et plus
742;2022;M;Non;Private;z_SUV;1;dev_integral;66;Non;Oui;O-20K;300 - 350
743;2022;M;Non;Private;Van;10;dev_integral;58;Oui;Oui;60-80K;300 - 350
744;2022;M;Non;Commercial;Minivan;9;dev_express;68;Non;Oui;80-100K;250 - 300
745;2022;M;Oui;Private;Minivan;1;dev_integral;55;Non;Non;20-40K;300 - 350
746;2022;M;Oui;Commercial;Minivan;8;dev_express;65;Non;Non;40-60K;250 - 300
747;2022;M;Non;Commercial;z_SUV;12;dev_integral;68;Non;Oui;O-20K;300 - 350
748;2022;M;Non;Private;Minivan;14;dev_express;69;Non;Oui;>100K;250 - 300
749;2022;F;Non;Private;z_SUV;5;dev_express;74;Non;Non;60-80K;250 - 300
750;2022;M;Non;Commercial;z_SUV;8;dev_integral;30;Non;Non;>100K;300 - 350
751;2022;M;Non;Commercial;Pickup;9;dev_integral;5;Oui;Oui;20-40K;300 - 350
752;2022;M;Non;Private;z_SUV;3;dev_express;74;Non;Non;20-40K;250 - 300
753;2022;F;Oui;Private;Minivan;20;dev_express;29;Non;Non;40-60K;250 - 300
754;2022;M;Oui;Commercial;Panel Truck;9;dev_integral;58;Non;Non;>100K;250 - 300
755;2022;M;Non;Private;Pickup;6;dev_integral;40;Non;Non;20-40K;300 - 350
756;2022;F;Non;Commercial;Pickup;1;dev_express;54;Non;Oui;20-40K;250 - 300
757;2022;M;Non;Private;Sports Car;8;dev_premium;61;Non;Non;O-20K;300 - 350
758;2022;F;Oui;Private;Sports Car;10;dev_integral;29;Non;Non;60-80K;300 - 350
759;2022;M;Non;Private;Minivan;16;dev_integral;18;Non;Oui;>100K;250 - 300
760;2022;F;Non;Private;z_SUV;11;dev_integral;42;Non;Non;>100K;300 - 350
761;2022;F;Oui;Private;z_SUV;17;dev_integral;55;Non;Non;80-100K;300 - 350
762;2022;M;Oui;Commercial;Pickup;1;dev_express;8;Oui;Oui;O-20K;250 - 300
763;2022;F;Oui;Private;Minivan;8;dev_premium;49;Non;Non;20-40K;350 - 400
764;2022;M;Oui;Commercial;Pickup;10;dev_integral;9;Non;Oui;80-100K;300 - 350
765;2022;M;Non;Private;z_SUV;15;dev_express;93;Non;Non;80-100K;250 - 300
766;2022;F;Non;Private;Pickup;10;dev_integral;28;Non;Non;>100K;300 - 350
767;2022;M;Non;Private;Sports Car;1;dev_integral;73;Oui;Oui;O-20K;300 - 350
768;2022;F;Non;Commercial;Pickup;7;dev_integral;61;Non;Oui;O-20K;300 - 350
769;2022;M;Oui;Private;Minivan;14;dev_integral;51;Non;Non;60-80K;300 - 350
770;2022;M;Non;Private;z_SUV;5;dev_integral;16;Non;Non;60-80K;300 - 350
771;2022;M;Oui;Commercial;Minivan;1;dev_integral;36;Non;Non;40-60K;300 - 350
772;2022;F;Oui;Private;Minivan;9;dev_integral;52;Non;Non;60-80K;250 - 300
773;2022;M;Non;Commercial;Pickup;16;dev_express;72;Non;Non;60-80K;250 - 300
774;2022;M;Oui;Commercial;Van;9;dev_integral;29;Non;Non;40-60K;250 - 300
775;2022;M;Non;Private;z_SUV;16;dev_integral;71;Non;Non;40-60K;300 - 350
776;2022;M;Non;Commercial;Pickup;19;dev_integral;61;Non;Non;40-60K;250 - 300
777;2022;M;Non;Commercial;Pickup;4;dev_integral;67;Non;Non;40-60K;300 - 350
778;2022;F;Non;Commercial;Panel Truck;17;dev_integral;31;Non;Non;80-100K;300 - 350
779;2022;M;Non;Commercial;Panel Truck;12;dev_express;65;Non;Oui;;250 - 300
780;2022;F;Non;Commercial;z_SUV;1;dev_integral;42;Non;Oui;>100K;250 - 300
781;2022;M;Non;Private;Minivan;16;dev_premium;65;Non;Non;60-80K;400 et plus
782;2022;F;Non;Private;z_SUV;22;dev_integral;7;Oui;Oui;80-100K;250 - 300
783;2022;M;Oui;Private;Minivan;12;dev_integral;46;Non;Non;>100K;250 - 300
784;2022;M;Non;Private;Minivan;15;dev_premium;51;Non;Non;>100K;400 et plus
785;2022;M;Non;Commercial;Pickup;11;dev_integral;65;Non;Non;O-20K;300 - 350
786;2022;F;Non;Commercial;Minivan;1;dev_premium;63;Non;Non;60-80K;300 - 350
787;2022;M;Oui;Private;Pickup;15;dev_integral;63;Non;Non;80-100K;250 - 300
788;2022;M;Oui;Commercial;Panel Truck;16;dev_express;79;Non;Non;60-80K;250 - 300
789;2022;F;Oui;Private;Minivan;1;dev_integral;82;Non;Non;60-80K;300 - 350
790;2022;F;Non;Private;z_SUV;1;dev_integral;84;Non;Oui;O-20K;300 - 350
791;2022;M;Non;Commercial;Pickup;17;dev_integral;66;Non;Non;40-60K;250 - 300
792;2022;M;Oui;Commercial;Van;13;dev_integral;87;Non;Oui;40-60K;300 - 350
793;2022;M;Non;Commercial;z_SUV;7;dev_express;57;Non;Non;;250 - 300
794;2022;F;Non;Private;z_SUV;10;dev_premium;70;Oui;Oui;O-20K;400 et plus
795;2022;M;Non;Commercial;Sports Car;1;dev_express;71;Non;Non;60-80K;250 - 300
796;2022;M;Oui;Private;Minivan;12;dev_express;58;Non;Non;40-60K;250 - 300
797;2022;F;Non;Private;z_SUV;9;dev_integral;37;Non;Non;O-20K;300 - 350
798;2022;F;Non;Private;Minivan;10;dev_integral;61;Non;Oui;>100K;250 - 300
799;2022;M;Non;Private;Pickup;13;dev_integral;86;Non;Non;80-100K;300 - 350
800;2022;F;Oui;Private;Minivan;9;dev_express;89;Non;Non;40-60K;250 - 300
801;2022;F;Oui;Private;Minivan;1;dev_integral;62;Non;Oui;O-20K;300 - 350
802;2022;M;Non;Commercial;Sports Car;8;dev_integral;64;Non;Oui;O-20K;250 - 300
803;2022;F;Non;Private;Van;1;dev_express;27;Non;Non;;250 - 300
804;2022;F;Non;Private;Pickup;1;dev_integral;13;Non;Non;O-20K;300 - 350
805;2022;M;Non;Commercial;z_SUV;10;dev_premium;6;Non;Oui;;400 et plus
806;2022;F;Non;Private;z_SUV;16;dev_integral;67;Non;Non;;300 - 350
807;2022;M;Oui;Commercial;Panel Truck;11;dev_express;55;Non;Non;20-40K;250 - 300
808;2022;M;Non;Private;z_SUV;18;dev_express;75;Non;Oui;>100K;250 - 300
809;2022;M;Non;Commercial;z_SUV;5;dev_integral;66;Non;Oui;O-20K;300 - 350
810;2022;M;Oui;Commercial;Panel Truck;1;dev_integral;51;Non;Non;60-80K;300 - 350
811;2022;F;Oui;Commercial;Panel Truck;15;dev_express;47;Non;Non;60-80K;250 - 300
812;2022;F;Non;Private;Minivan;3;dev_integral;82;Non;Oui;40-60K;300 - 350
813;2022;M;Oui;Private;Pickup;7;dev_integral;62;Non;Oui;O-20K;300 - 350
814;2022;M;Non;Private;z_SUV;5;dev_express;74;Non;Oui;60-80K;250 - 300
815;2022;F;Oui;Private;Minivan;22;dev_integral;61;Non;Non;60-80K;300 - 350
816;2022;M;Non;Commercial;Pickup;21;dev_premium;31;Non;Non;80-100K;400 et plus
817;2022;M;Oui;Commercial;Van;14;dev_premium;13;Oui;Oui;80-100K;400 et plus
818;2022;F;Non;Private;Pickup;1;dev_integral;59;Oui;Oui;20-40K;250 - 300
819;2022;M;Oui;Commercial;Minivan;10;dev_integral;77;Non;Oui;O-20K;300 - 350
820;2022;F;Non;Private;Van;11;dev_express;68;Non;Non;80-100K;250 - 300
821;2022;F;Non;Private;z_SUV;1;dev_express;74;Non;Oui;20-40K;250 - 300
822;2022;F;Non;Commercial;z_SUV;7;dev_express;24;Non;Oui;O-20K;250 - 300
823;2022;M;Non;Private;Minivan;15;dev_integral;70;Non;Oui;>100K;300 - 350
824;2022;M;Non;Commercial;z_SUV;1;dev_integral;77;Non;Oui;O-20K;300 - 350
825;2022;M;Non;Private;z_SUV;17;dev_express;68;Non;Non;>100K;250 - 300
826;2022;F;Non;Commercial;Van;8;dev_premium;62;Non;Non;>100K;350 - 400
827;2022;F;Non;Private;Minivan;15;dev_express;3;Non;Non;;250 - 300
828;2022;F;Non;Private;Minivan;1;dev_integral;59;Non;Non;80-100K;300 - 350
829;2022;M;Oui;Commercial;Van;10;dev_express;62;Non;Non;40-60K;250 - 300
830;2022;F;Oui;Private;Minivan;1;dev_integral;23;Non;Non;20-40K;250 - 300
831;2022;M;Non;Private;z_SUV;7;dev_integral;79;Oui;Oui;60-80K;250 - 300
832;2022;F;Non;Commercial;Pickup;;dev_express;41;Non;Non;20-40K;250 - 300
833;2022;F;Non;Private;z_SUV;1;dev_integral;16;Non;Non;O-20K;300 - 350
834;2022;M;Non;Private;z_SUV;7;dev_express;43;Non;Non;;250 - 300
835;2022;M;Non;Private;z_SUV;1;dev_premium;18;Non;Non;O-20K;400 et plus
836;2022;F;Oui;Commercial;Van;17;dev_express;64;Non;Non;80-100K;250 - 300
837;2022;M;Non;Private;z_SUV;18;dev_integral;68;Non;Non;60-80K;250 - 300
838;2022;M;Non;Private;Pickup;9;dev_premium;18;Non;Non;>100K;400 et plus
839;2022;F;Oui;Commercial;Van;1;dev_premium;63;Non;Non;60-80K;400 et plus
840;2022;F;Non;Private;z_SUV;1;dev_vip;46;Oui;Oui;20-40K;400 et plus
841;2022;F;Oui;Commercial;Panel Truck;10;dev_express;13;Non;Non;80-100K;250 - 300
842;2022;M;Non;Private;Minivan;4;dev_integral;24;Non;Non;20-40K;300 - 350
843;2022;F;Oui;Commercial;Panel Truck;6;dev_integral;88;Non;Oui;20-40K;250 - 300
844;2022;F;Non;Commercial;Pickup;7;dev_integral;27;Oui;Oui;>100K;250 - 300
845;2022;F;Oui;Commercial;Panel Truck;12;dev_integral;44;Non;Non;>100K;300 - 350
846;2022;M;Non;Private;Van;6;dev_express;55;Non;Non;20-40K;250 - 300
847;2022;F;Non;Private;z_SUV;13;dev_premium;82;Non;Oui;>100K;400 et plus
848;2022;M;Non;Commercial;Pickup;10;dev_premium;60;Non;Non;40-60K;400 et plus
849;2022;F;Non;Private;z_SUV;13;dev_premium;33;Non;Non;40-60K;400 et plus
850;2022;F;Non;Private;Minivan;17;dev_integral;39;Non;Non;>100K;300 - 350
851;2022;F;Non;Commercial;Pickup;9;dev_premium;69;Non;Non;>100K;400 et plus
852;2022;F;Non;Commercial;z_SUV;9;dev_vip;16;Non;Non;;400 et plus
853;2022;M;Non;Private;Sports Car;12;dev_express;91;Non;Non;40-60K;250 - 300
854;2022;F;Non;Private;Sports Car;6;dev_integral;78;Non;Oui;O-20K;250 - 300
855;2022;F;Non;Private;z_SUV;;dev_premium;88;Non;Non;40-60K;400 et plus
856;2022;M;Oui;Commercial;Panel Truck;8;dev_integral;90;Non;Oui;40-60K;300 - 350
857;2022;M;Non;Private;z_SUV;6;dev_premium;41;Oui;Oui;>100K;350 - 400
858;2022;F;Non;Commercial;Panel Truck;12;dev_express;42;Non;Non;>100K;250 - 300
859;2022;M;Non;Commercial;Van;13;dev_integral;59;Non;Non;>100K;300 - 350
860;2022;F;Non;Private;z_SUV;1;dev_integral;64;Non;Non;40-60K;300 - 350
861;2022;F;Non;Private;Minivan;15;dev_integral;64;Non;Non;20-40K;300 - 350
862;2022;M;Non;Private;z_SUV;5;dev_express;11;Oui;Oui;O-20K;250 - 300
863;2022;M;Non;Private;Pickup;1;dev_express;45;Non;Non;20-40K;250 - 300
864;2022;F;Oui;Private;Minivan;16;dev_premium;9;Non;Non;>100K;400 et plus
865;2022;M;Oui;Private;Pickup;9;dev_integral;81;Non;Oui;60-80K;300 - 350
866;2022;M;Non;Private;z_SUV;8;dev_express;52;Non;Non;60-80K;250 - 300
867;2022;F;Non;Private;z_SUV;;dev_premium;56;Non;Non;60-80K;400 et plus
868;2022;M;Non;Commercial;Van;7;dev_integral;50;Non;Non;40-60K;300 - 350
869;2022;M;Non;Commercial;Pickup;7;dev_integral;84;Non;Non;O-20K;300 - 350
870;2022;F;Non;Private;Minivan;10;dev_integral;92;Non;Oui;20-40K;300 - 350
871;2022;M;Non;Commercial;z_SUV;7;dev_integral;64;Non;Non;20-40K;250 - 300
872;2022;M;Oui;Commercial;z_SUV;13;dev_integral;67;Non;Non;60-80K;300 - 350
873;2022;F;Non;Commercial;z_SUV;12;dev_express;12;Non;Non;40-60K;250 - 300
874;2022;M;Oui;Commercial;Pickup;9;dev_premium;89;Non;Non;40-60K;350 - 400
875;2022;F;Non;Private;Minivan;7;dev_integral;55;Non;Non;80-100K;300 - 350
876;2022;M;Non;Private;Minivan;22;dev_integral;61;Non;Non;>100K;300 - 350
877;2022;M;Oui;Private;Van;1;dev_integral;55;Non;Non;20-40K;300 - 350
878;2022;F;Non;Private;Sports Car;;dev_integral;82;Non;Oui;60-80K;300 - 350
879;2022;M;Oui;Commercial;Pickup;1;dev_express;89;Non;Non;40-60K;250 - 300
880;2022;M;Non;Private;Sports Car;1;dev_express;55;Oui;Oui;40-60K;250 - 300
881;2022;M;Oui;Private;Pickup;9;dev_integral;49;Non;Non;80-100K;300 - 350
882;2022;M;Non;Commercial;Minivan;10;dev_express;56;Non;Non;40-60K;250 - 300
883;2022;F;Oui;Private;Minivan;9;dev_express;54;Non;Non;80-100K;250 - 300
884;2022;F;Non;Private;Minivan;11;dev_express;43;Non;Non;>100K;250 - 300
885;2022;F;Non;Commercial;z_SUV;1;dev_express;68;Non;Non;40-60K;250 - 300
886;2022;F;Non;Commercial;Pickup;15;dev_express;78;Non;Non;;250 - 300
887;2022;M;Non;Commercial;Pickup;7;dev_premium;63;Non;Non;O-20K;400 et plus
888;2022;F;Oui;Private;Minivan;1;dev_integral;75;Non;Non;O-20K;250 - 300
889;2022;M;Non;Private;Pickup;8;dev_express;67;Non;Oui;O-20K;250 - 300
890;2022;M;Non;Private;Pickup;9;dev_express;80;Non;Non;80-100K;250 - 300
891;2022;F;Non;Private;z_SUV;7;dev_express;37;Non;Non;;250 - 300
892;2022;M;Non;Private;Minivan;14;dev_express;57;Non;Non;40-60K;250 - 300
893;2022;M;Oui;Commercial;z_SUV;1;dev_express;27;Non;Non;20-40K;250 - 300
894;2022;F;Non;Commercial;Panel Truck;15;dev_express;82;Non;Non;20-40K;250 - 300
895;2022;F;Non;Private;Minivan;20;dev_express;64;Non;Non;>100K;250 - 300
896;2022;F;Non;Commercial;Panel Truck;13;dev_premium;2;Non;Oui;80-100K;400 et plus
897;2022;M;Non;Private;Sports Car;9;dev_integral;82;Non;Oui;40-60K;300 - 350
898;2022;F;Oui;Private;Minivan;19;dev_integral;61;Non;Non;>100K;300 - 350
899;2022;M;Non;Private;Sports Car;13;dev_premium;73;Non;Oui;O-20K;400 et plus
900;2022;M;Non;Commercial;Sports Car;1;dev_integral;42;Non;Non;;250 - 300
901;2022;F;Oui;Private;Sports Car;0;dev_express;52;Non;Oui;O-20K;250 - 300
902;2022;F;Non;Private;z_SUV;1;dev_express;33;Non;Non;80-100K;250 - 300
903;2022;F;Oui;Commercial;Minivan;10;dev_integral;13;Oui;Oui;40-60K;250 - 300
904;2022;M;Non;Private;z_SUV;1;dev_express;34;Non;Non;80-100K;250 - 300
905;2022;F;Non;Private;Minivan;1;dev_vip;53;Non;Non;20-40K;400 et plus
906;2022;M;Oui;Private;Minivan;11;dev_express;42;Non;Non;80-100K;250 - 300
907;2022;F;Non;Private;Pickup;6;dev_integral;55;Non;Oui;O-20K;300 - 350
908;2022;M;Non;Commercial;z_SUV;8;dev_express;26;Oui;Oui;O-20K;250 - 300
909;2022;F;Oui;Commercial;Van;;dev_integral;27;Non;Non;>100K;300 - 350
910;2022;F;Oui;Private;Pickup;11;dev_express;31;Oui;Oui;60-80K;250 - 300
911;2022;M;Non;Commercial;Pickup;1;dev_express;73;Non;Oui;40-60K;250 - 300
912;2022;F;Oui;Commercial;Pickup;1;dev_premium;16;Non;Oui;60-80K;400 et plus
913;2022;F;Non;Commercial;z_SUV;8;dev_integral;54;Non;Non;40-60K;300 - 350
914;2022;F;Non;Private;Sports Car;17;dev_express;25;Non;Non;80-100K;250 - 300
915;2022;M;Non;Commercial;z_SUV;8;dev_express;70;Non;Oui;O-20K;250 - 300
916;2022;F;Oui;Commercial;Pickup;1;dev_integral;83;Non;Non;O-20K;250 - 300
917;2022;F;Non;Commercial;Sports Car;6;dev_integral;45;Non;Non;>100K;300 - 350
918;2022;M;Non;Private;Minivan;9;dev_integral;53;Non;Oui;60-80K;300 - 350
919;2022;F;Non;Private;Sports Car;14;dev_integral;78;Oui;Oui;60-80K;300 - 350
920;2022;M;Non;Commercial;z_SUV;11;dev_express;69;Non;Non;60-80K;250 - 300
921;2022;M;Non;Private;z_SUV;6;dev_integral;84;Oui;Oui;60-80K;250 - 300
922;2022;F;Oui;Private;Minivan;;dev_express;62;Oui;Oui;O-20K;250 - 300
923;2022;F;Oui;Commercial;Panel Truck;7;dev_premium;74;Non;Oui;>100K;350 - 400
924;2022;F;Oui;Private;Minivan;6;dev_express;24;Oui;Oui;20-40K;250 - 300
925;2022;M;Non;Private;z_SUV;1;dev_premium;5;Non;Oui;60-80K;400 et plus
926;2022;F;Non;Commercial;z_SUV;7;dev_express;52;Non;Non;O-20K;250 - 300
927;2022;F;Non;Private;Sports Car;4;dev_integral;56;Non;Oui;20-40K;300 - 350
928;2022;M;Non;Commercial;z_SUV;10;dev_integral;13;Non;Oui;O-20K;300 - 350
929;2022;M;Oui;Commercial;Minivan;7;dev_express;77;Non;Non;80-100K;250 - 300
930;2022;M;Non;Commercial;Van;12;dev_premium;47;Non;Non;40-60K;300 - 350
931;2022;M;Non;Commercial;Panel Truck;1;dev_express;52;Non;Non;20-40K;250 - 300
932;2022;M;Oui;Commercial;Pickup;10;dev_integral;10;Non;Non;60-80K;250 - 300
933;2022;F;Oui;Commercial;Panel Truck;6;dev_integral;50;Non;Non;80-100K;250 - 300
934;2022;F;Non;Private;Minivan;;dev_integral;74;Non;Non;>100K;300 - 350
935;2022;M;Non;Commercial;Minivan;1;dev_express;57;Oui;Oui;80-100K;250 - 300
936;2022;M;Non;Commercial;Minivan;10;dev_premium;79;Non;Non;40-60K;350 - 400
937;2022;F;Non;Private;Minivan;;dev_integral;74;Non;Non;60-80K;250 - 300
938;2022;M;Oui;Private;Minivan;;dev_integral;26;Non;Oui;20-40K;250 - 300
939;2022;M;Oui;Private;Van;12;dev_premium;67;Non;Non;20-40K;400 et plus
940;2022;M;Non;Commercial;z_SUV;1;dev_integral;46;Non;Non;>100K;300 - 350
941;2022;F;Oui;Commercial;Panel Truck;1;dev_premium;15;Oui;Oui;>100K;400 et plus
942;2022;M;Non;Private;z_SUV;8;dev_express;56;Non;Oui;20-40K;250 - 300
943;2022;F;Non;Commercial;Pickup;;dev_express;65;Non;Non;>100K;250 - 300
944;2022;F;Non;Private;Sports Car;8;dev_express;90;Non;Non;40-60K;250 - 300
945;2022;F;Non;Private;z_SUV;16;dev_integral;5;Non;Non;60-80K;300 - 350
946;2022;F;Oui;Private;Minivan;8;dev_express;16;Non;Oui;;250 - 300
947;2022;M;Non;Private;Minivan;10;dev_premium;34;Non;Non;60-80K;400 et plus
948;2022;F;Non;Commercial;Panel Truck;13;dev_integral;68;Non;Non;>100K;300 - 350
949;2022;M;Oui;Private;Minivan;19;dev_integral;52;Non;Non;>100K;250 - 300
950;2022;M;Non;Private;z_SUV;11;dev_premium;72;Oui;Oui;>100K;400 et plus
951;2022;F;Non;Private;z_SUV;19;dev_express;84;Oui;Oui;20-40K;250 - 300
952;2022;M;Non;Private;Sports Car;5;dev_integral;36;Non;Non;O-20K;300 - 350
953;2022;M;Non;Private;Minivan;19;dev_integral;77;Non;Non;>100K;300 - 350
954;2022;M;Non;Private;z_SUV;8;dev_express;4;Non;Oui;O-20K;250 - 300
955;2022;M;Non;Private;z_SUV;11;dev_vip;39;Oui;Oui;O-20K;400 et plus
956;2022;F;Non;Private;z_SUV;12;dev_integral;61;Non;Non;;300 - 350
957;2022;M;Oui;Commercial;Pickup;7;dev_premium;70;Oui;Oui;20-40K;350 - 400
958;2022;F;Oui;Commercial;Panel Truck;15;dev_express;53;Non;Non;60-80K;250 - 300
959;2022;M;Non;Private;Sports Car;1;dev_premium;18;Non;Oui;O-20K;400 et plus
960;2022;M;Oui;Commercial;Minivan;8;dev_premium;63;Non;Non;O-20K;400 et plus
961;2022;F;Oui;Commercial;Pickup;1;dev_premium;66;Non;Non;40-60K;350 - 400
962;2022;M;Non;Private;z_SUV;15;dev_premium;72;Non;Non;>100K;350 - 400
963;2022;F;Non;Private;Minivan;20;dev_integral;56;Oui;Oui;>100K;300 - 350
964;2022;F;Non;Private;Minivan;;dev_express;69;Non;Non;60-80K;250 - 300
965;2022;F;Non;Commercial;Panel Truck;12;dev_express;16;Non;Non;>100K;250 - 300
966;2022;M;Non;Private;z_SUV;16;dev_express;71;Non;Non;>100K;250 - 300
967;2022;M;Oui;Private;Sports Car;;dev_integral;18;Non;Non;>100K;300 - 350
968;2022;M;Non;Private;Sports Car;1;dev_integral;47;Non;Oui;20-40K;250 - 300
969;2022;F;Non;Private;Minivan;22;dev_express;50;Non;Non;60-80K;250 - 300
970;2022;M;Oui;Private;Minivan;1;dev_premium;60;Non;Non;40-60K;400 et plus
971;2022;F;Non;Private;z_SUV;15;dev_premium;47;Non;Non;40-60K;400 et plus
972;2022;M;Non;Private;z_SUV;13;dev_express;51;Non;Non;O-20K;250 - 300
973;2022;F;Non;Private;z_SUV;1;dev_express;52;Non;Non;O-20K;250 - 300
974;2022;F;Non;Commercial;Van;18;dev_integral;75;Non;Non;80-100K;300 - 350
975;2022;M;Oui;Private;Pickup;1;dev_express;16;Non;Oui;20-40K;250 - 300
976;2022;F;Non;Private;Minivan;17;dev_express;81;Non;Non;80-100K;250 - 300
977;2022;F;Non;Private;Minivan;1;dev_integral;55;Non;Non;20-40K;300 - 350
978;2022;F;Oui;Private;Pickup;1;dev_integral;59;Oui;Oui;O-20K;300 - 350
979;2022;F;Non;Private;Minivan;7;dev_integral;39;Non;Non;20-40K;300 - 350
980;2022;F;Non;Private;Minivan;13;dev_integral;67;Non;Non;60-80K;300 - 350
981;2022;M;Oui;Private;Minivan;16;dev_express;92;Non;Non;>100K;250 - 300
982;2022;F;Non;Private;Sports Car;10;dev_express;71;Non;Non;60-80K;250 - 300
983;2022;F;Non;Private;Pickup;21;dev_integral;15;Non;Oui;60-80K;300 - 350
984;2022;M;Non;Commercial;Panel Truck;23;dev_express;63;Non;Oui;>100K;250 - 300
985;2022;F;Non;Commercial;Panel Truck;8;dev_premium;58;Non;Non;40-60K;350 - 400
986;2022;M;Non;Commercial;Pickup;1;dev_integral;4;Non;Non;60-80K;300 - 350
987;2022;M;Oui;Commercial;Panel Truck;1;dev_express;40;Non;Non;60-80K;250 - 300
988;2022;M;Non;Private;Minivan;17;dev_express;62;Non;Non;>100K;250 - 300
989;2022;F;Non;Commercial;Pickup;1;dev_premium;40;Non;Oui;O-20K;400 et plus
990;2022;M;Non;Commercial;Sports Car;9;dev_integral;15;Non;Non;20-40K;300 - 350
991;2022;F;Oui;Private;Pickup;11;dev_integral;10;Non;Non;20-40K;250 - 300
992;2022;F;Non;Private;Minivan;1;dev_integral;59;Non;Non;;250 - 300
993;2022;F;Non;Commercial;Sports Car;1;dev_integral;12;Non;Non;40-60K;300 - 350
994;2022;M;Non;Private;Sports Car;1;dev_express;81;Non;Non;20-40K;250 - 300
995;2022;F;Non;Private;Sports Car;15;dev_integral;63;Non;Non;80-100K;250 - 300
996;2022;M;Non;Private;z_SUV;8;dev_integral;29;Non;Oui;;300 - 350
997;2022;M;Oui;Commercial;Van;1;dev_integral;69;Non;Non;60-80K;300 - 350
998;2022;M;Non;Commercial;Pickup;16;dev_express;69;Non;Non;>100K;250 - 300
999;2022;M;Non;Private;z_SUV;11;dev_express;17;Non;Non;40-60K;250 - 300
1000;2022;F;Non;Private;z_SUV;4;dev_integral;87;Non;Non;O-20K;300 - 350
1001;2022;F;Oui;Private;z_SUV;6;dev_express;59;Non;Non;40-60K;250 - 300
1002;2022;F;Non;Private;z_SUV;5;dev_integral;83;Non;Non;;300 - 350
1003;2022;M;Non;Private;Minivan;14;dev_integral;41;Non;Non;40-60K;300 - 350
1004;2022;F;Non;Private;z_SUV;;dev_integral;43;Non;Non;O-20K;300 - 350
1005;2022;F;Oui;Private;Minivan;4;dev_express;22;Non;Non;O-20K;250 - 300
1006;2022;M;Non;Private;z_SUV;1;dev_express;52;Non;Non;O-20K;250 - 300
1007;2022;F;Non;Private;z_SUV;1;dev_express;50;Non;Oui;O-20K;250 - 300
1008;2022;M;Non;Commercial;Panel Truck;12;dev_express;60;Oui;Oui;40-60K;250 - 300
1009;2022;F;Non;Private;z_SUV;12;dev_integral;59;Non;Oui;20-40K;250 - 300
1010;2022;F;Non;Private;z_SUV;10;dev_integral;59;Non;Non;60-80K;300 - 350
1011;2022;M;Non;Private;z_SUV;1;dev_express;30;Non;Oui;40-60K;250 - 300
1012;2022;F;Non;Private;Pickup;1;dev_express;72;Non;Oui;20-40K;250 - 300
1013;2022;M;Oui;Commercial;Pickup;1;dev_express;17;Non;Non;20-40K;250 - 300
1014;2022;M;Oui;Private;Minivan;1;dev_express;69;Non;Oui;>100K;250 - 300
1015;2022;M;Oui;Private;Minivan;9;dev_integral;60;Oui;Oui;60-80K;250 - 300
1016;2022;M;Oui;Private;Minivan;18;dev_express;85;Non;Non;>100K;250 - 300
1017;2022;M;Oui;Private;Minivan;14;dev_premium;45;Oui;Oui;>100K;400 et plus
1018;2022;M;Oui;Commercial;Minivan;10;dev_express;58;Non;Non;20-40K;250 - 300
1019;2022;F;Oui;Private;Minivan;18;dev_premium;24;Non;Non;40-60K;350 - 400
1020;2022;F;Non;Private;Sports Car;7;dev_premium;74;Non;Non;O-20K;400 et plus
1021;2022;F;Non;Private;Sports Car;18;dev_premium;49;Non;Non;>100K;400 et plus
1022;2022;M;Oui;Private;Minivan;1;dev_express;16;Non;Non;20-40K;250 - 300
1023;2022;M;Non;Private;z_SUV;;dev_integral;59;Non;Oui;80-100K;300 - 350
1024;2022;M;Non;Private;Sports Car;15;dev_premium;59;Non;Oui;40-60K;400 et plus
1025;2022;F;Non;Private;z_SUV;15;dev_express;82;Non;Non;>100K;250 - 300
1026;2022;F;Non;Private;z_SUV;6;dev_express;43;Non;Oui;O-20K;250 - 300
1027;2022;M;Non;Commercial;z_SUV;11;dev_integral;5;Non;Non;O-20K;300 - 350
1028;2022;M;Non;Private;z_SUV;6;dev_integral;29;Oui;Oui;20-40K;250 - 300
1029;2022;M;Oui;Private;Van;1;dev_express;36;Non;Non;>100K;250 - 300
1030;2022;F;Oui;Commercial;Pickup;11;dev_vip;63;Non;Oui;40-60K;400 et plus
1031;2022;M;Non;Private;z_SUV;6;dev_integral;47;Non;Non;O-20K;250 - 300
1032;2022;F;Non;Private;Minivan;12;dev_integral;73;Oui;Oui;60-80K;300 - 350
1033;2022;M;Non;Private;Sports Car;;dev_express;58;Non;Oui;60-80K;250 - 300
1034;2022;M;Non;Private;Pickup;1;dev_premium;52;Non;Oui;;400 et plus
1035;2022;M;Non;Private;Van;14;dev_express;57;Non;Non;;250 - 300
1036;2022;F;Oui;Private;Pickup;16;dev_integral;43;Non;Non;O-20K;300 - 350
1037;2022;F;Oui;Commercial;Minivan;;dev_integral;30;Non;Oui;20-40K;300 - 350
1038;2022;M;Oui;Commercial;Pickup;8;dev_integral;45;Non;Oui;;250 - 300
1039;2022;M;Non;Private;z_SUV;1;dev_integral;75;Non;Non;O-20K;300 - 350
1040;2022;F;Non;Private;Minivan;1;dev_integral;33;Non;Oui;20-40K;250 - 300
1041;2022;M;Non;Private;z_SUV;15;dev_integral;85;Non;Oui;>100K;250 - 300
1042;2022;F;Non;Private;z_SUV;1;dev_integral;4;Non;Non;O-20K;250 - 300
1043;2022;M;Non;Commercial;Panel Truck;15;dev_integral;30;Non;Non;60-80K;300 - 350
1044;2022;M;Non;Private;Minivan;14;dev_integral;81;Non;Non;O-20K;250 - 300
1045;2022;M;Non;Commercial;Sports Car;10;dev_integral;46;Non;Non;O-20K;250 - 300
1046;2022;M;Non;Private;Sports Car;1;dev_express;37;Non;Non;O-20K;250 - 300
1047;2022;F;Oui;Commercial;Panel Truck;9;dev_integral;39;Non;Non;O-20K;250 - 300
1048;2022;M;Non;Private;Minivan;8;dev_integral;57;Non;Non;40-60K;300 - 350
1049;2022;F;Non;Private;z_SUV;9;dev_integral;35;Non;Non;20-40K;300 - 350
1050;2022;M;Oui;Private;Minivan;6;dev_express;72;Non;Non;80-100K;250 - 300
1051;2022;M;Non;Commercial;z_SUV;8;dev_integral;90;Non;Non;40-60K;300 - 350
1052;2022;M;Oui;Private;Minivan;1;dev_integral;23;Non;Oui;O-20K;300 - 350
1053;2022;M;Non;Commercial;Minivan;8;dev_integral;26;Non;Non;;300 - 350
1054;2022;F;Oui;Private;Minivan;12;dev_premium;70;Non;Non;20-40K;400 et plus
1055;2022;M;Non;Commercial;Panel Truck;1;dev_integral;75;Non;Non;60-80K;300 - 350
1056;2022;M;Non;Private;Pickup;17;dev_integral;92;Non;Non;80-100K;300 - 350
1057;2022;F;Non;Commercial;Minivan;1;dev_integral;66;Non;Oui;60-80K;300 - 350
1058;2022;F;Non;Commercial;Minivan;5;dev_premium;79;Non;Oui;60-80K;400 et plus
1059;2022;F;Oui;Commercial;Pickup;1;dev_integral;16;Non;Non;40-60K;300 - 350
1060;2022;F;Non;Commercial;Panel Truck;15;dev_integral;72;Non;Non;60-80K;250 - 300
1061;2022;M;Non;Commercial;Panel Truck;15;dev_express;54;Non;Non;>100K;250 - 300
1062;2022;F;Non;Private;Sports Car;12;dev_express;72;Non;Non;40-60K;250 - 300
1063;2022;F;Non;Private;z_SUV;;dev_express;23;Oui;Non;>100K;250 - 300
1064;2022;M;Non;Private;z_SUV;1;dev_express;41;Non;Non;O-20K;250 - 300
1065;2022;F;Non;Private;Van;12;dev_express;63;Non;Non;60-80K;250 - 300
1066;2022;M;Oui;Private;Minivan;17;dev_integral;57;Non;Non;20-40K;250 - 300
1067;2022;F;Non;Private;Sports Car;1;dev_integral;71;Non;Oui;40-60K;250 - 300
1068;2022;F;Non;Commercial;Van;1;dev_express;79;Non;Non;20-40K;250 - 300
1069;2022;F;Oui;Private;Van;12;dev_integral;10;Non;Non;>100K;300 - 350
1070;2022;F;Oui;Commercial;Pickup;1;dev_express;50;Oui;Oui;>100K;250 - 300
1071;2022;F;Non;Commercial;Van;1;dev_express;47;Oui;Oui;40-60K;250 - 300
1072;2022;M;Oui;Commercial;Van;11;dev_integral;50;Oui;Oui;>100K;300 - 350
1073;2022;F;Oui;Commercial;Panel Truck;19;dev_integral;38;Non;Non;>100K;300 - 350
1074;2022;F;Non;Commercial;Pickup;12;dev_integral;68;Non;Non;40-60K;300 - 350
1075;2022;F;Non;Private;Van;;dev_express;73;Oui;Oui;20-40K;250 - 300
1076;2022;F;Oui;Private;Pickup;7;dev_express;49;Oui;Oui;20-40K;250 - 300
1077;2022;F;Non;Private;z_SUV;8;dev_integral;57;Non;Non;40-60K;300 - 350
1078;2022;F;Oui;Commercial;Panel Truck;1;dev_express;54;Non;Non;20-40K;250 - 300
1079;2022;M;Oui;Private;Minivan;10;dev_express;22;Non;Non;60-80K;250 - 300
1080;2022;F;Oui;Commercial;Panel Truck;1;dev_integral;27;Non;Non;>100K;300 - 350
1081;2022;M;Non;Private;Minivan;15;dev_integral;75;Non;Oui;>100K;300 - 350
1082;2022;M;Non;Private;Sports Car;17;dev_express;38;Non;Non;80-100K;250 - 300
1083;2022;M;Non;Private;z_SUV;18;dev_express;19;Non;Non;40-60K;250 - 300
1084;2022;F;Oui;Commercial;Minivan;1;dev_integral;19;Non;Oui;80-100K;300 - 350
1085;2022;F;Non;Private;Sports Car;4;dev_express;71;Oui;Oui;O-20K;250 - 300
1086;2022;F;Non;Private;Minivan;1;dev_express;38;Oui;Oui;40-60K;250 - 300
1087;2022;M;Oui;Commercial;Van;8;dev_express;82;Non;Non;;250 - 300
1088;2022;F;Non;Private;z_SUV;14;dev_integral;22;Non;Non;40-60K;300 - 350
1089;2022;M;Oui;Commercial;Van;1;dev_express;55;Non;Oui;80-100K;250 - 300
1090;2022;M;Oui;Private;Pickup;1;dev_integral;67;Non;Non;20-40K;300 - 350
1091;2022;F;Oui;Private;Sports Car;6;dev_integral;60;Non;Oui;20-40K;250 - 300
1092;2022;F;Non;Commercial;Pickup;6;dev_integral;47;Non;Oui;60-80K;300 - 350
1093;2022;F;Oui;Commercial;Panel Truck;16;dev_integral;43;Non;Non;80-100K;300 - 350
1094;2022;F;Non;Commercial;Pickup;19;dev_integral;8;Oui;Oui;O-20K;300 - 350
1095;2022;F;Non;Private;Minivan;13;dev_premium;56;Oui;Oui;80-100K;300 - 350
1096;2022;F;Non;Private;Minivan;8;dev_express;47;Non;Oui;O-20K;250 - 300
1097;2022;F;Oui;Commercial;Panel Truck;;dev_integral;60;Non;Non;>100K;250 - 300
1098;2022;M;Non;Commercial;Minivan;12;dev_express;5;Non;Non;>100K;250 - 300
1099;2022;M;Non;Commercial;z_SUV;9;dev_express;77;Oui;Oui;;250 - 300
1100;2022;M;Non;Private;Van;13;dev_vip;40;Non;Oui;>100K;400 et plus
1101;2022;F;Oui;Private;Minivan;9;dev_integral;71;Non;Non;20-40K;300 - 350
1102;2022;M;Oui;Private;Minivan;8;dev_express;39;Non;Non;>100K;250 - 300
1103;2022;F;Non;Commercial;z_SUV;9;dev_integral;58;Non;Non;80-100K;300 - 350
1104;2022;M;Non;Private;Minivan;1;dev_express;16;Non;Non;>100K;250 - 300
1105;2022;M;Non;Commercial;Panel Truck;16;dev_express;8;Oui;Oui;>100K;250 - 300
1106;2022;M;Oui;Commercial;Panel Truck;12;dev_premium;9;Non;Non;60-80K;300 - 350
1107;2022;M;Non;Private;z_SUV;10;dev_integral;6;Non;Oui;40-60K;250 - 300
1108;2022;F;Non;Commercial;Van;8;dev_integral;64;Non;Non;80-100K;300 - 350
1109;2022;M;Non;Private;z_SUV;14;dev_premium;38;Non;Oui;>100K;300 - 350
1110;2022;M;Non;Commercial;Pickup;1;dev_integral;64;Non;Non;O-20K;300 - 350
1111;2022;M;Non;Private;Sports Car;21;dev_express;34;Non;Non;40-60K;250 - 300
1112;2022;M;Non;Private;Sports Car;1;dev_integral;74;Non;Non;O-20K;300 - 350
1113;2022;M;Oui;Private;Van;4;dev_express;67;Non;Non;20-40K;250 - 300
1114;2022;F;Non;Private;Minivan;16;dev_integral;66;Non;Non;40-60K;300 - 350
1115;2022;F;Oui;Private;Pickup;10;dev_integral;47;Non;Non;40-60K;300 - 350
1116;2022;M;Oui;Private;Pickup;7;dev_express;17;Non;Oui;20-40K;250 - 300
1117;2022;F;Oui;Commercial;Pickup;1;dev_integral;41;Non;Non;40-60K;300 - 350
1118;2022;M;Oui;Private;Minivan;9;dev_express;82;Non;Non;40-60K;250 - 300
1119;2022;F;Oui;Private;Minivan;12;dev_integral;31;Non;Non;80-100K;300 - 350
1120;2022;M;Non;Private;Sports Car;9;dev_integral;21;Non;Non;80-100K;300 - 350
1121;2022;F;Oui;Commercial;Panel Truck;15;dev_integral;59;Non;Non;>100K;300 - 350
1122;2022;F;Oui;Commercial;Panel Truck;12;dev_premium;81;Non;Non;>100K;350 - 400
1123;2022;M;Non;Commercial;Minivan;4;dev_integral;20;Oui;Oui;20-40K;300 - 350
1124;2022;F;Non;Commercial;Pickup;11;dev_express;5;Non;Oui;60-80K;250 - 300
1125;2022;M;Oui;Private;Pickup;12;dev_integral;10;Non;Non;60-80K;300 - 350
1126;2022;M;Oui;Commercial;Minivan;11;dev_express;18;Non;Non;O-20K;250 - 300
1127;2022;F;Non;Private;z_SUV;8;dev_integral;10;Non;Non;60-80K;300 - 350
1128;2022;M;Non;Private;z_SUV;7;dev_integral;11;Non;Non;>100K;300 - 350
1129;2022;F;Non;Private;z_SUV;4;dev_integral;9;Non;Non;60-80K;300 - 350
1130;2022;F;Non;Private;z_SUV;12;dev_integral;73;Non;Non;>100K;300 - 350
1131;2022;F;Non;Private;Minivan;1;dev_express;36;Non;Non;20-40K;250 - 300
1132;2022;F;Oui;Private;Minivan;8;dev_express;45;Non;Oui;60-80K;250 - 300
1133;2022;F;Non;Private;z_SUV;10;dev_integral;89;Non;Non;20-40K;300 - 350
1134;2022;M;Non;Private;z_SUV;7;dev_integral;31;Non;Oui;40-60K;250 - 300
1135;2022;F;Non;Private;z_SUV;12;dev_integral;90;Non;Oui;20-40K;300 - 350
1136;2022;F;Non;Private;z_SUV;;dev_express;65;Non;Non;20-40K;250 - 300
1137;2022;F;Non;Private;Sports Car;2;dev_integral;15;Non;Non;20-40K;300 - 350
1138;2022;F;Non;Private;z_SUV;10;dev_express;50;Non;Non;20-40K;250 - 300
1139;2022;M;Non;Private;Pickup;1;dev_integral;4;Non;Non;20-40K;300 - 350
1140;2022;M;Non;Private;Sports Car;12;dev_integral;71;Oui;Oui;O-20K;250 - 300
1141;2022;F;Oui;Commercial;Pickup;7;dev_express;73;Non;Non;20-40K;250 - 300
1142;2022;F;Oui;Private;Pickup;22;dev_integral;68;Non;Non;>100K;300 - 350
1143;2022;F;Non;Commercial;Panel Truck;;dev_integral;83;Oui;Oui;80-100K;250 - 300
1144;2022;M;Non;Private;Sports Car;7;dev_express;70;Non;Oui;O-20K;250 - 300
1145;2022;M;Oui;Private;Minivan;21;dev_express;51;Non;Non;60-80K;250 - 300
1146;2022;M;Non;Private;z_SUV;1;dev_integral;78;Non;Oui;60-80K;250 - 300
1147;2022;F;Non;Private;z_SUV;6;dev_express;83;Non;Non;20-40K;250 - 300
1148;2022;F;Oui;Private;Minivan;7;dev_premium;9;Non;Non;40-60K;400 et plus
1149;2022;M;Non;Commercial;Minivan;10;dev_express;71;Non;Non;60-80K;250 - 300
1150;2022;M;Non;Commercial;Pickup;9;dev_express;63;Oui;Oui;20-40K;250 - 300
1151;2022;M;Oui;Commercial;Panel Truck;20;dev_integral;67;Non;Non;>100K;300 - 350
1152;2022;M;Non;Private;z_SUV;8;dev_integral;85;Non;Non;20-40K;300 - 350
1153;2022;F;Oui;Private;Minivan;20;dev_express;64;Non;Non;>100K;250 - 300
1154;2022;M;Non;Private;Minivan;1;dev_express;12;Non;Non;40-60K;250 - 300
1155;2022;F;Non;Private;Minivan;1;dev_integral;64;Non;Non;60-80K;300 - 350
1156;2022;F;Non;Commercial;Van;4;dev_premium;73;Non;Non;80-100K;400 et plus
1157;2022;M;Non;Private;Minivan;1;dev_integral;91;Oui;Non;40-60K;300 - 350